FORMATTED DATE-TIME,DT,MG,TR,WS,CW,HW,TP,WC,RH,HI,DP,WB,BP,AL,DA
YYYY-MM-DD HH:MM:SS,s,Mag,True,m/s,m/s,m/s,°C,°C,%,°C,°C,°C,mb,m,m
2012-09-14 08:15:00,400925700,267,250,0.5,0.5,0.0,23.2,23.2,74.9,23.9,18.5,20.0,960.10,449,930
2012-09-14 08:15:30,400925730,259,242,0.4,0.4,-0.1,23.7,23.7,76.1,24.5,19.3,20.6,959.90,452,956
2012-09-14 08:16:00,400925760,253,235,0.8,0.8,-0.2,24.0,24.0,76.0,24.9,19.5,20.8,959.70,453,967
2012-09-14 08:16:30,400925790,245,227,1.1,1.0,-0.5,23.3,23.3,75.7,24.1,18.8,20.2,959.80,453,941
2012-09-14 08:17:00,400925820,244,227,0.6,0.5,-0.2,23.0,23.0,76.7,23.8,18.7,20.0,959.70,453,931
2012-09-14 08:17:30,400925850,244,227,0.5,0.4,-0.2,23.8,23.8,78.1,24.8,19.8,21.0,959.80,453,963
2012-09-14 08:18:00,400925880,248,230,1.6,1.5,-0.6,23.5,23.5,77.8,24.4,19.4,20.6,959.70,453,951
2012-09-14 08:18:30,400925910,254,237,1.8,1.7,-0.5,22.4,22.4,80.2,23.2,18.8,19.9,959.70,453,910
2012-09-14 08:19:00,400925940,256,239,0.8,0.8,-0.2,22.5,22.5,82.0,23.4,19.2,20.2,959.70,454,915
2012-09-14 08:19:30,400925970,227,210,0.4,0.3,-0.3,23.7,23.7,80.8,24.8,20.2,21.2,959.70,454,963
2012-09-14 08:20:00,400926000,216,198,1.4,0.8,-1.1,22.1,22.1,80.5,22.9,18.6,19.7,959.70,454,899
2012-09-14 08:20:30,400926030,216,198,0.9,0.6,-0.8,22.4,22.4,82.6,23.3,19.2,20.2,959.60,454,911
2012-09-14 08:21:00,400926060,218,200,1.7,1.1,-1.4,22.1,22.1,82.3,22.9,19.0,20.0,959.70,453,901
2012-09-14 08:21:30,400926090,147,129,0.4,0.2,-0.4,22.9,22.9,82.6,24.0,19.7,20.7,959.70,453,931
2012-09-14 08:22:00,400926120,147,129,1.0,0.5,-0.8,23.1,23.1,79.7,24.1,19.4,20.5,959.80,453,935
2012-09-14 08:22:30,400926150,147,129,1.0,0.6,-0.9,22.8,22.8,79.7,23.7,19.1,20.2,959.70,454,925
2012-09-14 08:23:00,400926180,146,129,0.8,0.4,-0.7,22.3,22.3,81.6,23.1,19.0,20.0,959.70,454,907
2012-09-14 08:23:30,400926210,148,130,0.5,0.2,-0.4,22.3,22.3,83.6,23.3,19.4,20.3,959.70,454,911
2012-09-14 08:24:00,400926240,146,129,1.2,0.7,-1.0,23.2,23.2,81.8,24.2,19.9,20.9,959.70,453,943
2012-09-14 08:24:30,400926270,146,128,0.9,0.5,-0.7,23.5,23.5,78.0,24.4,19.4,20.6,959.80,452,949
2012-09-14 08:25:00,400926300,146,128,1.2,0.7,-1.0,23.3,23.3,78.2,24.2,19.3,20.5,959.80,453,942
2012-09-14 08:25:30,400926330,146,129,1.0,0.6,-0.8,23.5,23.5,77.6,24.4,19.4,20.6,959.80,453,952
2012-09-14 08:26:00,400926360,145,128,1.5,0.9,-1.3,23.3,23.3,76.6,24.1,18.9,20.2,959.70,453,941
2012-09-14 08:26:30,400926390,76,59,2.9,2.8,0.7,22.4,22.4,76.1,23.1,18.0,19.4,959.80,452,903
2012-09-14 08:27:00,400926420,76,59,1.5,1.5,0.4,23.6,23.6,76.9,24.5,19.3,20.6,959.80,453,953
2012-09-14 08:27:30,400926450,51,33,2.8,2.1,1.8,22.5,22.5,74.2,23.1,17.7,19.2,959.90,452,907
2012-09-14 08:28:00,400926480,51,33,1.9,1.5,1.2,22.5,22.5,77.0,23.2,18.3,19.6,959.80,453,910
2012-09-14 08:28:30,400926510,51,33,2.1,1.6,1.3,22.6,22.6,76.2,23.3,18.2,19.6,959.90,452,911
2012-09-14 08:29:00,400926540,51,33,0.8,0.6,0.5,23.3,23.3,76.5,24.1,19.0,20.3,959.90,452,942
2012-09-14 08:29:30,400926570,50,33,2.1,1.6,1.3,22.3,22.3,75.5,23.0,17.7,19.2,959.90,452,898
2012-09-14 08:30:00,400926600,82,64,1.9,1.9,0.3,23.5,23.5,77.7,24.4,19.4,20.6,959.70,453,951
2012-09-14 08:30:30,400926630,75,58,3.1,3.0,0.8,23.7,23.7,77.7,24.6,19.6,20.8,959.80,453,959
2012-09-14 08:31:00,400926660,79,62,3.1,3.1,0.6,22.9,22.9,75.2,23.6,18.3,19.7,959.80,453,924
2012-09-14 08:31:30,400926690,77,60,2.5,2.5,0.6,23.1,23.1,76.8,23.9,18.8,20.1,959.80,452,933
2012-09-14 08:32:00,400926720,77,60,1.6,1.6,0.4,23.4,23.4,76.4,24.2,19.0,20.3,959.80,452,944
2012-09-14 08:32:30,400926750,69,52,1.8,1.7,0.6,22.9,22.9,75.4,23.6,18.3,19.7,959.80,452,921
2012-09-14 08:33:00,400926780,69,52,1.3,1.3,0.5,22.6,22.6,77.1,23.3,18.4,19.7,959.70,454,916
2012-09-14 08:33:30,400926810,70,53,2.2,2.0,0.7,23.0,23.0,76.9,23.8,18.7,20.0,959.70,453,929
2012-09-14 08:34:00,400926840,70,53,1.5,1.4,0.5,22.9,22.9,77.8,23.7,18.9,20.1,959.80,453,928
2012-09-14 08:34:30,400926870,70,53,0.5,0.4,0.2,24.2,24.2,77.5,25.2,20.0,21.2,959.80,452,976
2012-09-14 08:35:00,400926900,70,52,1.2,1.1,0.4,23.4,23.4,74.1,24.1,18.5,20.0,959.80,453,942
2012-09-14 08:35:30,400926930,95,77,2.1,2.1,-0.2,23.9,23.9,73.9,24.7,19.0,20.5,959.80,453,963
2012-09-14 08:36:00,400926960,48,30,2.5,1.8,1.7,23.8,23.8,73.7,24.5,18.8,20.3,959.90,451,956
2012-09-14 08:36:30,400926990,51,34,2.8,2.2,1.7,23.7,23.7,73.8,24.4,18.7,20.2,959.80,452,952
2012-09-14 08:37:00,400927020,62,45,2.2,1.9,1.0,22.9,22.9,74.6,23.5,18.1,19.6,959.80,453,922
2012-09-14 08:37:30,400927050,62,45,1.6,1.4,0.7,23.3,23.3,75.5,24.1,18.7,20.1,959.80,453,941
2012-09-14 08:38:00,400927080,70,52,1.3,1.2,0.4,23.0,23.0,74.4,23.6,18.2,19.7,959.90,452,926
2012-09-14 08:38:30,400927110,68,50,2.6,2.4,1.0,22.7,22.7,74.2,23.3,17.8,19.4,959.90,452,912
2012-09-14 08:39:00,400927140,68,50,1.8,1.6,0.7,23.4,23.4,75.9,24.2,18.9,20.2,959.80,453,945
2012-09-14 08:39:30,400927170,68,50,2.2,2.1,0.8,23.5,23.5,73.7,24.2,18.5,20.0,959.90,452,944
2012-09-14 08:40:00,400927200,68,50,1.4,1.3,0.5,23.1,23.1,73.5,23.8,18.1,19.7,959.90,452,929
2012-09-14 08:40:30,400927230,68,50,1.3,1.2,0.5,23.2,23.2,73.0,23.8,18.1,19.7,959.90,452,931
2012-09-14 08:41:00,400927260,68,50,1.8,1.7,0.7,22.8,22.8,72.9,23.4,17.7,19.3,959.80,453,918
2012-09-14 08:41:30,400927290,64,46,0.9,0.8,0.4,23.1,23.1,74.6,23.8,18.4,19.9,959.80,452,930
2012-09-14 08:42:00,400927320,44,27,1.5,1.0,1.0,23.8,23.8,73.4,24.5,18.7,20.3,959.80,452,955
2012-09-14 08:42:30,400927350,35,17,1.9,1.1,1.5,23.0,23.0,71.8,23.5,17.7,19.4,960.00,451,923
2012-09-14 08:43:00,400927380,35,17,2.0,1.2,1.7,22.4,22.4,72.2,22.9,17.2,18.9,959.90,452,899
2012-09-14 08:43:30,400927410,35,17,1.1,0.6,0.9,22.9,22.9,74.0,23.5,18.0,19.5,959.90,452,919
2012-09-14 08:44:00,400927440,35,17,1.5,0.8,1.2,23.1,23.1,73.1,23.7,18.1,19.7,959.80,453,930
2012-09-14 08:44:30,400927470,40,23,1.6,1.0,1.2,23.8,23.8,74.2,24.5,18.9,20.4,959.80,453,957
2012-09-14 08:45:00,400927500,42,24,1.6,1.1,1.2,23.1,23.1,74.0,23.8,18.2,19.7,959.90,452,929
2012-09-14 08:45:30,400927530,42,24,2.0,1.3,1.5,23.3,23.3,73.6,24.0,18.3,19.8,959.90,452,935
2012-09-14 08:46:00,400927560,42,24,1.3,0.8,0.9,24.0,24.0,73.7,24.8,19.0,20.5,959.90,452,963
2012-09-14 08:46:30,400927590,43,26,0.9,0.6,0.6,23.8,23.8,73.5,24.5,18.7,20.3,959.80,452,954
2012-09-14 08:47:00,400927620,35,18,3.1,1.8,2.5,22.6,22.6,72.7,23.2,17.4,19.1,959.90,452,908
2012-09-14 08:47:30,400927650,62,45,2.1,1.9,1.0,23.1,23.1,75.2,23.9,18.5,19.9,959.90,451,929
2012-09-14 08:48:00,400927680,72,55,3.2,3.1,1.0,22.9,22.9,75.3,23.6,18.3,19.7,959.90,452,921
2012-09-14 08:48:30,400927710,61,43,2.6,2.2,1.3,22.9,22.9,74.8,23.5,18.2,19.7,959.90,452,921
2012-09-14 08:49:00,400927740,61,43,3.5,3.0,1.7,22.4,22.4,75.7,23.1,17.9,19.3,959.80,452,904
2012-09-14 08:49:30,400927770,56,39,1.7,1.4,1.0,22.7,22.7,76.1,23.4,18.3,19.6,959.90,452,917
2012-09-14 08:50:00,400927800,63,46,1.7,1.5,0.8,22.7,22.7,75.6,23.4,18.2,19.6,959.90,452,917
2012-09-14 08:50:30,400927830,64,47,1.8,1.6,0.8,23.2,23.2,75.4,24.0,18.6,20.0,959.70,453,935
2012-09-14 08:51:00,400927860,64,46,1.4,1.3,0.6,22.7,22.7,74.4,23.3,17.9,19.4,959.80,453,914
2012-09-14 08:51:30,400927890,64,46,0.7,0.6,0.3,23.4,23.4,74.9,24.1,18.7,20.2,959.90,451,941
2012-09-14 08:52:00,400927920,64,46,2.1,1.9,0.9,23.3,23.3,73.3,23.9,18.2,19.8,959.90,452,934
2012-09-14 08:52:30,400927950,64,46,2.3,2.1,1.0,22.9,22.9,72.7,23.5,17.7,19.4,959.90,452,918
2012-09-14 08:53:00,400927980,56,38,0.7,0.6,0.4,23.1,23.1,74.3,23.8,18.3,19.8,960.20,449,926
2012-09-14 08:53:30,400928010,129,111,0.0,0.0,0.0,24.6,24.6,69.2,25.1,18.6,20.4,960.30,448,978
2012-09-14 08:54:00,400928040,112,95,0.0,0.0,0.0,25.2,25.2,70.0,26.1,19.3,21.1,960.00,450,1005
2012-09-14 08:54:30,400928070,25,7,0.0,0.0,0.0,25.2,25.2,71.0,26.2,19.5,21.2,960.20,448,1003
2012-09-14 08:55:00,400928100,18,1,0.0,0.0,0.0,25.4,25.4,71.2,26.6,19.8,21.4,960.20,449,1014
2012-09-14 08:55:30,400928130,20,2,0.0,0.0,0.0,25.4,25.4,71.3,26.6,19.8,21.4,959.90,452,1016
2012-09-14 08:56:00,400928160,30,12,0.0,0.0,0.0,25.5,25.5,71.7,26.8,20.0,21.6,959.40,456,1025
2012-09-14 08:56:30,400928190,30,12,0.0,0.0,0.0,25.5,25.5,71.5,26.8,20.0,21.6,959.70,454,1023
2012-09-14 08:57:00,400928220,33,16,0.0,0.0,0.0,25.8,25.8,69.3,27.1,19.8,21.5,959.40,456,1034
2012-09-14 08:57:30,400928250,38,21,0.0,0.0,0.0,25.7,25.7,69.6,27.0,19.8,21.5,958.80,461,1038
2012-09-14 08:58:00,400928280,26,9,0.0,0.0,0.0,25.9,25.9,68.8,27.2,19.7,21.5,958.60,462,1045
2012-09-14 08:58:30,400928310,13,355,0.0,0.0,0.0,25.9,25.9,68.7,27.2,19.7,21.5,958.50,464,1047
2012-09-14 08:59:00,400928340,9,351,0.0,0.0,0.0,26.0,26.0,68.2,27.4,19.7,21.5,959.20,457,1042
2012-09-14 08:59:30,400928370,13,355,0.0,0.0,0.0,25.9,25.9,69.1,27.3,19.8,21.6,958.30,465,1049
2012-09-14 09:00:00,400928400,18,1,0.0,0.0,0.0,26.0,26.0,68.1,27.3,19.6,21.4,957.50,473,1061
2012-09-14 09:00:30,400928430,13,356,0.0,0.0,0.0,26.0,26.0,68.0,27.3,19.6,21.4,957.20,475,1064
2012-09-14 09:01:00,400928460,11,353,0.0,0.0,0.0,26.1,26.1,67.6,27.5,19.6,21.5,956.10,485,1080
2012-09-14 09:01:30,400928490,13,356,0.0,0.0,0.0,26.0,26.0,68.5,27.4,19.7,21.5,956.20,484,1075
2012-09-14 09:02:00,400928520,12,354,0.0,0.0,0.0,26.2,26.2,66.8,27.5,19.5,21.5,956.90,477,1073
2012-09-14 09:02:30,400928550,5,347,0.0,0.0,0.0,26.3,26.3,66.3,27.7,19.5,21.5,956.70,479,1077
2012-09-14 09:03:00,400928580,4,346,0.0,0.0,0.0,26.3,26.3,66.1,27.7,19.5,21.5,957.00,476,1077
2012-09-14 09:03:30,400928610,3,346,0.0,0.0,0.0,26.2,26.2,67.1,27.6,19.6,21.5,957.70,471,1065
2012-09-14 09:04:00,400928640,2,345,0.0,0.0,0.0,26.3,26.3,66.0,27.7,19.4,21.4,958.00,469,1065
2012-09-14 09:04:30,400928670,3,345,0.0,0.0,0.0,26.3,26.3,65.8,27.6,19.4,21.4,958.30,465,1062
2012-09-14 09:05:00,400928700,2,344,0.0,0.0,0.0,26.3,26.3,66.4,27.7,19.5,21.5,959.20,458,1051
2012-09-14 09:05:30,400928730,12,355,0.0,0.0,0.0,26.5,26.5,64.8,27.9,19.4,21.5,960.30,448,1047
2012-09-14 09:06:00,400928760,28,10,0.0,0.0,0.0,26.3,26.3,65.6,27.6,19.4,21.4,960.30,448,1041
2012-09-14 09:06:30,400928790,33,15,0.0,0.0,0.0,26.6,26.6,64.3,27.9,19.3,21.4,959.30,457,1058
2012-09-14 09:07:00,400928820,29,11,0.0,0.0,0.0,26.4,26.4,65.6,27.8,19.4,21.4,958.50,464,1062
2012-09-14 09:07:30,400928850,13,355,0.0,0.0,0.0,26.6,26.6,64.6,28.0,19.4,21.5,958.30,465,1071
2012-09-14 09:08:00,400928880,2,344,0.0,0.0,0.0,26.4,26.4,66.5,27.9,19.6,21.6,958.10,467,1066
2012-09-14 09:08:30,400928910,2,345,0.0,0.0,0.0,26.6,26.6,65.4,28.0,19.6,21.6,958.30,465,1073
2012-09-14 09:09:00,400928940,33,16,0.0,0.0,0.0,25.4,25.4,67.2,26.2,18.9,20.8,957.90,470,1033
2012-09-14 09:09:30,400928970,95,77,0.0,0.0,0.0,25.5,25.5,68.1,26.5,19.2,21.1,957.70,470,1039
2012-09-14 09:10:00,400929000,90,73,1.1,1.1,0.0,25.0,25.0,66.5,25.5,18.3,20.3,958.00,469,1014
2012-09-14 09:10:30,400929030,38,20,1.7,1.1,1.4,24.0,24.0,68.4,24.4,17.8,19.7,958.00,468,977
2012-09-14 09:11:00,400929060,31,13,2.3,1.2,2.0,23.4,23.4,69.8,23.9,17.5,19.4,957.80,470,957
2012-09-14 09:11:30,400929090,355,338,1.2,0.1,1.2,23.9,23.9,72.5,24.6,18.7,20.3,957.90,470,983
2012-09-14 09:12:00,400929120,22,4,1.9,0.7,1.8,23.3,23.3,70.3,23.8,17.6,19.4,957.90,469,953
2012-09-14 09:12:30,400929150,41,24,3.7,2.5,2.8,23.2,23.2,71.1,23.7,17.6,19.4,957.90,469,948
2012-09-14 09:13:00,400929180,38,21,2.3,1.4,1.8,23.4,23.4,72.5,24.0,18.2,19.8,957.90,469,959
2012-09-14 09:13:30,400929210,31,14,2.3,1.2,1.9,24.0,24.0,72.1,24.7,18.7,20.3,958.00,468,981
2012-09-14 09:14:00,400929240,12,354,2.3,0.5,2.3,23.2,23.2,71.5,23.7,17.8,19.5,958.00,468,949
2012-09-14 09:14:30,400929270,17,0,3.5,1.0,3.4,22.9,22.9,71.4,23.4,17.4,19.2,958.00,469,938
2012-09-14 09:15:00,400929300,13,356,2.4,0.6,2.4,23.3,23.3,72.3,23.9,18.1,19.7,957.90,469,955
2012-09-14 09:15:30,400929330,28,11,1.6,0.8,1.4,24.2,24.2,73.2,24.9,19.1,20.6,957.80,470,994
2012-09-14 09:16:00,400929360,17,0,1.9,0.6,1.8,24.8,24.8,70.8,25.5,19.1,20.8,958.00,468,1010
2012-09-14 09:16:30,400929390,13,355,1.7,0.4,1.7,23.7,23.7,69.9,24.2,17.9,19.7,957.80,470,970
2012-09-14 09:17:00,400929420,12,355,1.3,0.3,1.3,23.5,23.5,71.7,24.0,18.1,19.8,957.70,470,964
2012-09-14 09:17:30,400929450,19,2,1.8,0.6,1.7,24.4,24.4,71.4,25.0,18.9,20.5,957.80,470,997
2012-09-14 09:18:00,400929480,33,15,2.4,1.3,2.1,24.3,24.3,69.7,24.8,18.4,20.2,957.70,470,994
2012-09-14 09:18:30,400929510,28,11,3.0,1.4,2.7,24.5,24.5,67.9,24.9,18.2,20.1,957.70,470,999
2012-09-14 09:19:00,400929540,38,20,1.5,0.9,1.2,24.6,24.6,68.4,25.0,18.4,20.3,957.60,472,1004
2012-09-14 09:19:30,400929570,352,335,2.3,0.3,2.3,23.9,23.9,67.1,24.2,17.5,19.5,957.70,470,976
2012-09-14 09:20:00,400929600,15,357,2.6,0.7,2.6,23.9,23.9,68.1,24.3,17.6,19.6,957.70,471,976
2012-09-14 09:20:30,400929630,8,350,0.8,0.1,0.8,24.7,24.7,69.4,25.3,18.7,20.5,957.70,470,1007
2012-09-14 09:21:00,400929660,40,23,3.5,2.3,2.7,24.9,24.9,68.1,25.5,18.6,20.5,957.70,471,1016
2012-09-14 09:21:30,400929690,8,351,2.6,0.4,2.6,24.8,24.8,67.3,25.2,18.4,20.4,957.80,470,1010
2012-09-14 09:22:00,400929720,14,356,2.1,0.5,2.1,25.5,25.5,67.1,26.4,19.0,20.9,957.80,470,1039
2012-09-14 09:22:30,400929750,38,21,2.1,1.3,1.6,24.9,24.9,66.3,25.4,18.2,20.3,957.70,470,1011
2012-09-14 09:23:00,400929780,41,23,2.1,1.4,1.6,24.2,24.2,67.1,24.5,17.7,19.7,957.60,471,989
2012-09-14 09:23:30,400929810,44,26,2.1,1.4,1.5,24.4,24.4,68.9,24.8,18.3,20.2,957.60,471,996
2012-09-14 09:24:00,400929840,44,27,2.0,1.4,1.4,25.2,25.2,69.6,26.1,19.3,21.1,957.70,471,1032
2012-09-14 09:24:30,400929870,25,8,1.8,0.8,1.7,24.9,24.9,68.4,25.5,18.7,20.6,957.80,470,1014
2012-09-14 09:25:00,400929900,16,358,2.4,0.6,2.3,24.7,24.7,67.2,25.1,18.2,20.2,957.70,471,1007
2012-09-14 09:25:30,400929930,11,354,2.9,0.6,2.9,24.2,24.2,67.6,24.6,17.8,19.8,957.70,471,988
2012-09-14 09:26:00,400929960,356,339,2.2,0.1,2.2,23.7,23.7,69.4,24.2,17.8,19.6,957.60,471,970
2012-09-14 09:26:30,400929990,356,338,2.0,0.2,2.0,24.0,24.0,70.4,24.5,18.3,20.0,957.50,472,985
2012-09-14 09:27:00,400930020,329,312,1.5,0.8,1.3,24.0,24.0,69.4,24.5,18.0,19.8,957.70,471,982
2012-09-14 09:27:30,400930050,17,359,1.6,0.4,1.5,24.8,24.8,68.0,25.3,18.5,20.4,957.60,472,1013
2012-09-14 09:28:00,400930080,63,45,2.5,2.2,1.1,24.4,24.4,68.7,24.8,18.3,20.2,957.60,471,999
2012-09-14 09:28:30,400930110,19,1,2.3,0.7,2.1,25.6,25.6,69.6,26.8,19.7,21.4,957.50,473,1049
2012-09-14 09:29:00,400930140,16,359,2.9,0.8,2.8,23.7,23.7,66.4,24.0,17.1,19.2,957.60,472,968
2012-09-14 09:29:30,400930170,21,4,2.5,0.9,2.3,24.5,24.5,68.9,24.9,18.4,20.3,957.60,472,1004
2012-09-14 09:30:00,400930200,26,9,3.3,1.4,2.9,24.1,24.1,68.4,24.5,17.9,19.8,957.50,472,985
2012-09-14 09:30:30,400930230,39,22,2.6,1.6,2.0,24.4,24.4,69.4,24.9,18.5,20.3,957.50,473,1000
2012-09-14 09:31:00,400930260,23,5,2.0,0.8,1.9,24.2,24.2,68.3,24.6,18.0,19.9,957.50,472,988
2012-09-14 09:31:30,400930290,34,17,1.9,1.1,1.6,23.9,23.9,68.9,24.3,17.8,19.7,957.40,473,979
2012-09-14 09:32:00,400930320,10,352,1.7,0.3,1.7,25.3,25.3,69.2,26.3,19.2,21.0,957.50,473,1035
2012-09-14 09:32:30,400930350,14,357,2.5,0.6,2.4,24.4,24.4,66.7,24.7,17.8,19.9,957.50,473,998
2012-09-14 09:33:00,400930380,25,7,2.5,1.0,2.3,24.3,24.3,68.4,24.7,18.1,20.0,957.40,473,994
2012-09-14 09:33:30,400930410,358,341,3.4,0.1,3.4,23.6,23.6,69.1,24.1,17.6,19.5,957.50,472,967
2012-09-14 09:34:00,400930440,4,346,3.4,0.2,3.4,24.3,24.3,70.3,24.8,18.6,20.3,957.40,474,999
2012-09-14 09:34:30,400930470,11,353,2.1,0.4,2.1,25.0,25.0,70.8,25.9,19.3,21.0,957.40,474,1025
2012-09-14 09:35:00,400930500,356,338,1.7,0.1,1.7,24.6,24.6,68.5,25.0,18.4,20.3,957.50,472,1005
2012-09-14 09:35:30,400930530,4,346,3.0,0.2,3.0,24.4,24.4,68.4,24.8,18.2,20.1,957.50,472,997
2012-09-14 09:36:00,400930560,12,354,3.1,0.6,3.0,24.1,24.1,67.7,24.5,17.7,19.7,957.50,473,987
2012-09-14 09:36:30,400930590,5,348,1.6,0.2,1.6,24.1,24.1,67.7,24.5,17.8,19.8,957.50,473,987
2012-09-14 09:37:00,400930620,12,354,1.4,0.3,1.4,23.9,23.9,68.6,24.3,17.8,19.7,957.50,473,980
2012-09-14 09:37:30,400930650,12,354,0.7,0.1,0.7,24.7,24.7,68.1,25.2,18.4,20.3,957.60,472,1010
2012-09-14 09:38:00,400930680,22,4,1.6,0.6,1.5,25.7,25.7,67.0,26.7,19.1,21.1,957.50,472,1047
2012-09-14 09:38:30,400930710,37,19,1.9,1.1,1.5,25.0,25.0,64.8,25.4,17.9,20.1,957.50,473,1017
2012-09-14 09:39:00,400930740,30,13,1.7,0.9,1.5,25.4,25.4,65.1,26.1,18.4,20.5,957.50,473,1034
2012-09-14 09:39:30,400930770,35,18,1.9,1.1,1.6,25.4,25.4,65.3,26.1,18.5,20.6,957.50,473,1035
2012-09-14 09:40:00,400930800,17,0,2.9,0.9,2.7,24.5,24.5,65.6,24.7,17.7,19.9,957.40,474,1002
2012-09-14 09:40:30,400930830,30,13,2.3,1.2,2.0,25.3,25.3,67.3,26.1,18.8,20.7,957.40,474,1034
2012-09-14 09:41:00,400930860,2,344,2.5,0.1,2.5,24.6,24.6,67.2,24.9,18.2,20.2,957.40,474,1007
2012-09-14 09:41:30,400930890,4,347,1.7,0.1,1.7,26.0,26.0,67.1,27.2,19.5,21.4,957.50,472,1061
2012-09-14 09:42:00,400930920,342,325,2.6,0.8,2.5,24.9,24.9,65.2,25.3,17.9,20.1,957.40,474,1015
2012-09-14 09:42:30,400930950,24,6,2.2,0.9,2.0,25.8,25.8,65.8,26.8,18.9,20.9,957.40,473,1051
2012-09-14 09:43:00,400930980,19,1,2.4,0.8,2.3,25.5,25.5,65.2,26.3,18.5,20.6,957.40,474,1040
2012-09-14 09:43:30,400931010,33,15,2.3,1.3,2.0,24.6,24.6,67.0,24.9,18.1,20.1,957.50,473,1006
2012-09-14 09:44:00,400931040,17,359,2.2,0.6,2.2,25.8,25.8,66.4,26.9,19.1,21.1,957.40,473,1051
2012-09-14 09:44:30,400931070,24,7,2.5,1.0,2.2,25.8,25.8,64.6,26.7,18.6,20.7,957.40,473,1048
2012-09-14 09:45:00,400931100,9,351,2.0,0.3,2.0,25.0,25.0,64.9,25.4,17.9,20.1,957.40,474,1019
2012-09-14 09:45:30,400931130,8,350,2.3,0.3,2.3,24.0,24.0,64.8,24.2,16.9,19.2,957.30,475,980
2012-09-14 09:46:00,400931160,135,118,0.0,0.0,0.0,26.4,26.4,63.1,27.5,18.9,21.1,957.30,475,1073
2012-09-14 09:46:30,400931190,49,32,0.0,0.0,0.0,27.9,27.9,59.4,29.4,19.3,21.8,957.30,474,1125
2012-09-14 09:47:00,400931220,89,71,0.0,0.0,0.0,28.7,28.7,55.3,30.4,18.9,21.7,957.50,473,1148
2012-09-14 09:47:30,400931250,101,84,0.0,0.0,0.0,28.8,28.8,55.9,30.6,19.1,21.9,957.90,470,1150
2012-09-14 09:48:00,400931280,131,114,0.0,0.0,0.0,28.9,28.9,54.9,30.6,18.9,21.8,957.50,473,1156
2012-09-14 09:48:30,400931310,202,185,0.0,0.0,0.0,29.1,29.1,56.3,31.2,19.5,22.3,957.70,470,1161
2012-09-14 09:49:00,400931340,222,204,0.0,0.0,0.0,29.1,29.1,56.7,31.3,19.6,22.3,957.40,473,1167
2012-09-14 09:49:30,400931370,222,205,0.0,0.0,0.0,29.3,29.3,57.0,31.8,19.9,22.5,957.40,473,1174
2012-09-14 09:50:00,400931400,222,205,0.0,0.0,0.0,29.3,29.3,56.6,31.7,19.8,22.5,957.60,471,1173
2012-09-14 09:50:30,400931430,222,205,0.0,0.0,0.0,29.4,29.4,56.6,31.9,19.9,22.6,957.60,472,1178
2012-09-14 09:51:00,400931460,222,205,0.0,0.0,0.0,29.4,29.4,56.4,31.9,19.8,22.5,957.80,470,1174
2012-09-14 09:51:30,400931490,222,205,0.0,0.0,0.0,29.6,29.6,56.0,32.2,19.9,22.6,957.30,474,1185
2012-09-14 09:52:00,400931520,222,205,0.0,0.0,0.0,29.7,29.7,55.6,32.3,19.8,22.6,957.60,472,1186
2012-09-14 09:52:30,400931550,222,205,0.0,0.0,0.0,29.7,29.7,55.2,32.2,19.8,22.6,957.50,472,1187
2012-09-14 09:53:00,400931580,223,205,0.0,0.0,0.0,29.8,29.8,54.9,32.3,19.8,22.6,957.70,470,1189
2012-09-14 09:53:30,400931610,223,205,0.0,0.0,0.0,29.7,29.7,55.7,32.3,19.9,22.6,957.10,475,1193
2012-09-14 09:54:00,400931640,223,205,0.0,0.0,0.0,29.8,29.8,55.1,32.4,19.8,22.6,957.40,473,1190
2012-09-14 09:54:30,400931670,223,205,0.0,0.0,0.0,29.8,29.8,55.6,32.5,20.0,22.8,957.40,474,1193
2012-09-14 09:55:00,400931700,223,205,0.0,0.0,0.0,29.8,29.8,55.2,32.4,19.8,22.6,957.40,474,1191
2012-09-14 09:55:30,400931730,223,205,0.0,0.0,0.0,29.9,29.9,54.4,32.4,19.8,22.6,957.30,475,1197
2012-09-14 09:56:00,400931760,223,205,0.0,0.0,0.0,29.8,29.8,55.0,32.4,19.8,22.6,957.10,475,1194
2012-09-14 09:56:30,400931790,223,205,0.0,0.0,0.0,29.9,29.9,55.0,32.6,19.9,22.7,957.60,472,1193
2012-09-14 09:57:00,400931820,223,205,0.0,0.0,0.0,29.9,29.9,54.8,32.5,19.8,22.6,957.40,474,1194
2012-09-14 09:57:30,400931850,223,205,0.0,0.0,0.0,29.9,29.9,54.7,32.5,19.8,22.6,957.20,475,1197
2012-09-14 09:58:00,400931880,223,205,0.0,0.0,0.0,29.9,29.9,54.7,32.5,19.8,22.6,957.40,474,1197
2012-09-14 09:58:30,400931910,223,206,0.0,0.0,0.0,29.9,29.9,54.5,32.4,19.7,22.6,957.30,475,1197
2012-09-14 09:59:00,400931940,223,206,0.0,0.0,0.0,30.2,30.2,53.6,32.8,19.7,22.7,956.90,477,1208
2012-09-14 09:59:30,400931970,223,206,0.0,0.0,0.0,30.0,30.0,54.3,32.6,19.7,22.6,957.30,475,1197
2012-09-14 10:00:00,400932000,223,206,0.0,0.0,0.0,30.0,30.0,54.2,32.6,19.7,22.6,957.40,474,1197
2012-09-14 10:00:30,400932030,223,205,0.0,0.0,0.0,30.0,30.0,54.2,32.6,19.7,22.6,957.30,475,1198
2012-09-14 10:01:00,400932060,223,205,0.0,0.0,0.0,30.0,30.0,54.3,32.6,19.8,22.7,957.20,475,1200
2012-09-14 10:01:30,400932090,223,206,0.0,0.0,0.0,30.0,30.0,54.0,32.5,19.7,22.6,957.50,473,1197
2012-09-14 10:02:00,400932120,223,206,0.0,0.0,0.0,30.0,30.0,54.0,32.5,19.7,22.6,957.50,473,1197
2012-09-14 10:02:30,400932150,223,206,0.0,0.0,0.0,30.2,30.2,53.3,32.8,19.6,22.6,957.10,475,1205
2012-09-14 10:03:00,400932180,223,206,0.0,0.0,0.0,30.0,30.0,53.9,32.5,19.7,22.6,957.10,476,1202
2012-09-14 10:03:30,400932210,223,206,0.0,0.0,0.0,30.2,30.2,53.3,32.8,19.6,22.6,957.00,476,1205
2012-09-14 10:04:00,400932240,223,206,0.0,0.0,0.0,30.0,30.0,53.9,32.5,19.7,22.6,957.20,475,1200
2012-09-14 10:04:30,400932270,223,206,0.0,0.0,0.0,30.0,30.0,53.9,32.5,19.7,22.6,957.20,475,1200
2012-09-14 10:05:00,400932300,223,206,0.0,0.0,0.0,30.1,30.1,54.0,32.7,19.8,22.7,956.90,478,1207
2012-09-14 10:05:30,400932330,223,206,0.0,0.0,0.0,30.2,30.2,53.2,32.8,19.6,22.6,957.00,477,1208
2012-09-14 10:06:00,400932360,223,206,0.0,0.0,0.0,30.2,30.2,54.1,33.0,19.9,22.8,957.20,475,1206
2012-09-14 10:06:30,400932390,223,206,0.0,0.0,0.0,30.3,30.3,53.0,32.9,19.7,22.7,957.10,476,1211
2012-09-14 10:07:00,400932420,223,206,0.0,0.0,0.0,30.1,30.1,53.9,32.7,19.7,22.7,957.20,475,1203
2012-09-14 10:07:30,400932450,223,206,0.0,0.0,0.0,30.3,30.3,53.1,32.9,19.7,22.7,957.00,476,1209
2012-09-14 10:08:00,400932480,223,206,0.0,0.0,0.0,30.2,30.2,53.2,32.8,19.6,22.6,957.10,476,1207
2012-09-14 10:08:30,400932510,223,206,0.0,0.0,0.0,30.1,30.1,53.9,32.7,19.8,22.7,957.00,477,1206
2012-09-14 10:09:00,400932540,223,206,0.0,0.0,0.0,30.3,30.3,53.1,32.9,19.7,22.7,957.10,476,1211
2012-09-14 10:09:30,400932570,223,206,0.0,0.0,0.0,30.3,30.3,53.1,32.9,19.7,22.7,957.10,476,1211
2012-09-14 10:10:00,400932600,223,206,0.0,0.0,0.0,30.1,30.1,53.7,32.7,19.7,22.7,957.20,475,1204
2012-09-14 10:10:30,400932630,223,206,0.0,0.0,0.0,30.2,30.2,53.7,32.9,19.8,22.7,957.00,476,1209
2012-09-14 10:11:00,400932660,223,206,0.0,0.0,0.0,30.2,30.2,53.6,32.8,19.8,22.7,957.00,477,1211
2012-09-14 10:11:30,400932690,223,206,0.0,0.0,0.0,30.2,30.2,53.8,32.9,19.8,22.7,957.20,475,1206
2012-09-14 10:12:00,400932720,223,206,0.0,0.0,0.0,30.2,30.2,53.8,32.9,19.8,22.7,957.20,475,1205
2012-09-14 10:12:30,400932750,223,206,0.0,0.0,0.0,30.2,30.2,53.8,32.9,19.8,22.7,957.20,475,1206
2012-09-14 10:13:00,400932780,223,206,0.0,0.0,0.0,30.2,30.2,53.9,32.9,19.8,22.7,956.90,477,1210
2012-09-14 10:13:30,400932810,223,206,0.0,0.0,0.0,30.3,30.3,53.8,33.1,19.9,22.8,956.90,477,1212
2012-09-14 10:14:00,400932840,223,206,0.0,0.0,0.0,30.2,30.2,53.5,32.8,19.7,22.7,957.10,476,1209
2012-09-14 10:14:30,400932870,223,206,0.0,0.0,0.0,30.2,30.2,53.7,32.9,19.8,22.7,956.80,479,1211
2012-09-14 10:15:00,400932900,224,206,0.0,0.0,0.0,30.2,30.2,53.7,32.9,19.8,22.7,957.10,476,1208
2012-09-14 10:15:30,400932930,224,206,0.0,0.0,0.0,30.2,30.2,53.7,32.9,19.8,22.7,957.20,475,1207
2012-09-14 10:16:00,400932960,224,206,0.0,0.0,0.0,30.3,30.3,53.4,33.0,19.8,22.8,957.40,474,1207
2012-09-14 10:16:30,400932990,223,206,0.0,0.0,0.0,30.2,30.2,53.7,32.9,19.8,22.7,957.20,475,1208
2012-09-14 10:17:00,400933020,224,206,0.0,0.0,0.0,30.3,30.3,53.9,33.1,19.9,22.8,956.80,479,1215
2012-09-14 10:17:30,400933050,224,206,0.0,0.0,0.0,30.4,30.4,53.1,33.1,19.7,22.7,956.90,478,1215
2012-09-14 10:18:00,400933080,223,206,0.0,0.0,0.0,30.3,30.3,53.6,33.0,19.8,22.8,957.00,476,1211
2012-09-14 10:18:30,400933110,223,206,0.0,0.0,0.0,30.4,30.4,53.0,33.1,19.8,22.8,957.10,476,1214
2012-09-14 10:19:00,400933140,224,206,0.0,0.0,0.0,30.5,30.5,52.9,33.3,19.8,22.8,956.90,477,1218
2012-09-14 10:19:30,400933170,224,206,0.0,0.0,0.0,30.5,30.5,52.9,33.3,19.8,22.8,957.00,476,1217
2012-09-14 10:20:00,400933200,224,206,0.0,0.0,0.0,30.4,30.4,53.3,33.2,19.8,22.8,957.00,476,1214
2012-09-14 10:20:30,400933230,224,206,0.0,0.0,0.0,30.4,30.4,53.7,33.3,19.9,22.8,956.90,478,1217
2012-09-14 10:21:00,400933260,224,206,0.0,0.0,0.0,30.3,30.3,53.7,33.1,19.9,22.8,956.90,478,1215
2012-09-14 10:21:30,400933290,224,206,0.0,0.0,0.0,30.3,30.3,53.5,33.0,19.8,22.8,956.70,479,1215
2012-09-14 10:22:00,400933320,224,206,0.0,0.0,0.0,30.4,30.4,53.8,33.3,19.9,22.8,956.80,478,1217
2012-09-14 10:22:30,400933350,223,206,0.0,0.0,0.0,30.4,30.4,53.8,33.3,20.0,22.9,957.20,475,1214
2012-09-14 10:23:00,400933380,223,206,0.0,0.0,0.0,30.4,30.4,52.8,33.1,19.7,22.7,957.10,476,1215
2012-09-14 10:23:30,400933410,224,206,0.0,0.0,0.0,30.4,30.4,53.6,33.2,19.9,22.8,957.10,475,1214
2012-09-14 10:24:00,400933440,224,206,0.0,0.0,0.0,30.4,30.4,53.1,33.1,19.8,22.8,956.90,478,1217
2012-09-14 10:24:30,400933470,224,206,0.0,0.0,0.0,30.5,30.5,52.9,33.3,19.8,22.8,956.80,479,1222
2012-09-14 10:25:00,400933500,224,206,0.0,0.0,0.0,30.4,30.4,53.0,33.1,19.8,22.8,957.20,475,1214
2012-09-14 10:25:30,400933530,224,206,0.0,0.0,0.0,30.3,30.3,53.5,33.0,19.9,22.8,957.00,476,1214
2012-09-14 10:26:00,400933560,224,206,0.0,0.0,0.0,30.3,30.3,53.5,33.0,19.9,22.8,956.90,478,1216
2012-09-14 10:26:30,400933590,259,242,0.0,0.0,0.0,30.4,30.4,53.6,33.2,19.9,22.8,956.90,478,1218
2012-09-14 10:27:00,400933620,291,274,0.0,0.0,0.0,30.4,30.4,53.6,33.2,19.9,22.8,956.90,478,1218
2012-09-14 10:27:30,400933650,291,274,0.0,0.0,0.0,30.4,30.4,53.3,33.2,19.8,22.8,957.00,477,1215
2012-09-14 10:28:00,400933680,291,274,0.0,0.0,0.0,30.4,30.4,53.6,33.2,19.9,22.8,956.70,480,1219
2012-09-14 10:28:30,400933710,291,274,0.0,0.0,0.0,30.6,30.6,52.7,33.4,19.8,22.8,957.00,476,1222
2012-09-14 10:29:00,400933740,291,274,0.0,0.0,0.0,30.4,30.4,53.5,33.2,19.9,22.8,956.70,480,1217
2012-09-14 10:29:30,400933770,291,273,0.0,0.0,0.0,30.4,30.4,53.6,33.2,19.9,22.8,957.00,477,1217
2012-09-14 10:30:00,400933800,287,269,0.0,0.0,0.0,30.6,30.6,52.7,33.4,19.8,22.8,956.80,479,1225
2012-09-14 10:30:30,400933830,285,267,0.0,0.0,0.0,30.5,30.5,53.6,33.4,20.0,22.9,956.70,479,1222
2012-09-14 10:31:00,400933860,285,268,0.0,0.0,0.0,30.5,30.5,52.9,33.3,19.8,22.8,956.70,479,1221
2012-09-14 10:31:30,400933890,284,267,0.0,0.0,0.0,30.4,30.4,53.6,33.2,19.9,22.8,956.80,478,1218
2012-09-14 10:32:00,400933920,284,267,0.0,0.0,0.0,30.4,30.4,53.8,33.3,20.0,22.9,956.70,479,1219
2012-09-14 10:32:30,400933950,282,264,0.0,0.0,0.0,30.6,30.6,53.0,33.4,19.9,22.9,957.80,470,1213
2012-09-14 10:33:00,400933980,274,257,0.0,0.0,0.0,30.5,30.5,53.6,33.4,20.0,22.9,958.00,469,1209
2012-09-14 10:33:30,400934010,252,235,0.0,0.0,0.0,30.4,30.4,53.8,33.3,20.0,22.9,957.90,470,1208
2012-09-14 10:34:00,400934040,236,219,0.0,0.0,0.0,30.5,30.5,54.0,33.4,20.1,23.0,957.90,470,1211
2012-09-14 10:34:30,400934070,236,218,0.0,0.0,0.0,30.4,30.4,53.9,33.3,20.0,22.9,957.80,470,1210
2012-09-14 10:35:00,400934100,236,219,0.0,0.0,0.0,30.7,30.7,52.9,33.6,20.0,23.0,958.00,469,1215
2012-09-14 10:35:30,400934130,236,219,0.0,0.0,0.0,30.5,30.5,53.9,33.4,20.1,23.0,958.00,469,1209
2012-09-14 10:36:00,400934160,236,218,0.0,0.0,0.0,30.6,30.6,53.1,33.4,19.9,22.9,957.70,470,1213
2012-09-14 10:36:30,400934190,236,219,0.0,0.0,0.0,30.5,30.5,54.0,33.4,20.2,23.1,957.60,472,1215
2012-09-14 10:37:00,400934220,236,218,0.0,0.0,0.0,30.5,30.5,53.6,33.4,20.1,23.0,958.20,467,1210
2012-09-14 10:37:30,400934250,236,218,0.0,0.0,0.0,30.6,30.6,53.0,33.4,20.0,23.0,957.90,469,1213
2012-09-14 10:38:00,400934280,236,219,0.0,0.0,0.0,30.6,30.6,53.8,33.6,20.1,23.0,957.80,470,1215
2012-09-14 10:38:30,400934310,236,219,0.0,0.0,0.0,30.6,30.6,53.6,33.5,20.1,23.0,957.90,469,1213
2012-09-14 10:39:00,400934340,236,219,0.0,0.0,0.0,30.5,30.5,53.8,33.4,20.1,23.0,958.00,468,1211
2012-09-14 10:39:30,400934370,235,218,0.0,0.0,0.0,30.7,30.7,52.9,33.6,19.9,22.9,957.60,472,1219
2012-09-14 10:40:00,400934400,235,218,0.0,0.0,0.0,30.7,30.7,52.9,33.6,20.0,23.0,957.80,470,1218
2012-09-14 10:40:30,400934430,235,218,0.0,0.0,0.0,30.6,30.6,53.7,33.6,20.1,23.0,957.80,470,1215
2012-09-14 10:41:00,400934460,235,218,0.0,0.0,0.0,30.6,30.6,53.7,33.6,20.1,23.0,957.70,470,1215
2012-09-14 10:41:30,400934490,235,218,0.0,0.0,0.0,30.5,30.5,53.4,33.4,20.0,22.9,957.80,470,1211
2012-09-14 10:42:00,400934520,236,218,0.0,0.0,0.0,30.6,30.6,53.4,33.5,20.0,23.0,957.80,470,1213
2012-09-14 10:42:30,400934550,236,218,0.0,0.0,0.0,30.8,30.8,52.7,33.7,20.0,23.0,957.70,471,1223
2012-09-14 10:43:00,400934580,236,218,0.0,0.0,0.0,30.8,30.8,52.6,33.7,20.0,23.0,957.70,470,1222
2012-09-14 10:43:30,400934610,236,219,0.0,0.0,0.0,30.6,30.6,53.4,33.5,20.0,23.0,957.80,470,1214
2012-09-14 10:44:00,400934640,236,219,0.0,0.0,0.0,30.8,30.8,52.6,33.7,20.0,23.0,957.60,472,1224
2012-09-14 10:44:30,400934670,236,218,0.0,0.0,0.0,30.7,30.7,53.0,33.6,20.0,23.0,957.70,471,1219
2012-09-14 10:45:00,400934700,235,218,0.0,0.0,0.0,30.7,30.7,52.7,33.5,19.9,22.9,957.70,470,1219
2012-09-14 10:45:30,400934730,236,219,0.0,0.0,0.0,30.6,30.6,53.2,33.5,20.0,23.0,957.70,470,1214
2012-09-14 10:46:00,400934760,236,218,0.0,0.0,0.0,30.8,30.8,52.4,33.7,19.9,22.9,957.60,472,1222
2012-09-14 10:46:30,400934790,235,218,0.0,0.0,0.0,30.8,30.8,52.5,33.7,19.9,22.9,957.80,470,1220
2012-09-14 10:47:00,400934820,231,213,0.0,0.0,0.0,30.6,30.6,52.9,33.4,19.9,22.9,957.70,471,1217
2012-09-14 10:47:30,400934850,225,207,0.0,0.0,0.0,30.6,30.6,53.1,33.4,20.0,23.0,957.70,470,1215
2012-09-14 10:48:00,400934880,224,207,0.0,0.0,0.0,30.6,30.6,53.2,33.5,20.0,23.0,957.90,470,1215
2012-09-14 10:48:30,400934910,227,209,0.0,0.0,0.0,30.8,30.8,52.4,33.7,19.9,22.9,957.70,471,1221
2012-09-14 10:49:00,400934940,213,195,0.0,0.0,0.0,30.7,30.7,52.5,33.5,19.9,22.9,958.60,463,1209
2012-09-14 10:49:30,400934970,159,142,0.0,0.0,0.0,30.7,30.7,52.5,33.5,19.9,22.9,958.80,461,1207
2012-09-14 10:50:00,400935000,133,116,0.0,0.0,0.0,30.6,30.6,53.0,33.4,20.0,23.0,957.60,472,1219
2012-09-14 10:50:30,400935030,153,135,0.0,0.0,0.0,30.7,30.7,53.2,33.7,20.1,23.0,956.50,482,1232
2012-09-14 10:51:00,400935060,175,157,0.0,0.0,0.0,30.7,30.7,53.2,33.7,20.1,23.0,956.30,483,1235
2012-09-14 10:51:30,400935090,149,132,0.0,0.0,0.0,30.8,30.8,52.3,33.7,19.9,22.9,955.70,489,1245
2012-09-14 10:52:00,400935120,136,119,0.0,0.0,0.0,30.7,30.7,52.9,33.6,20.0,23.0,955.50,490,1245
2012-09-14 10:52:30,400935150,137,119,0.0,0.0,0.0,30.9,30.9,52.3,33.9,20.0,23.0,955.20,492,1251
2012-09-14 10:53:00,400935180,141,123,0.0,0.0,0.0,30.7,30.7,53.2,33.7,20.1,23.0,954.70,496,1252
2012-09-14 10:53:30,400935210,154,136,0.0,0.0,0.0,30.8,30.8,52.5,33.7,20.0,23.0,954.40,500,1259
2012-09-14 10:54:00,400935240,192,175,0.0,0.0,0.0,30.9,30.9,52.5,33.9,20.0,23.0,954.50,498,1258
2012-09-14 10:54:30,400935270,205,188,0.0,0.0,0.0,30.8,30.8,52.7,33.7,20.0,23.0,954.90,495,1255
2012-09-14 10:55:00,400935300,196,179,0.0,0.0,0.0,30.7,30.7,53.3,33.7,20.2,23.1,955.60,489,1243
2012-09-14 10:55:30,400935330,214,196,0.0,0.0,0.0,30.8,30.8,53.0,33.8,20.1,23.1,956.10,485,1242
2012-09-14 10:56:00,400935360,218,201,0.0,0.0,0.0,30.9,30.9,52.6,33.9,20.1,23.1,957.20,475,1232
2012-09-14 10:56:30,400935390,218,201,0.0,0.0,0.0,30.8,30.8,53.4,33.9,20.2,23.2,956.80,479,1233
2012-09-14 10:57:00,400935420,219,201,0.0,0.0,0.0,30.8,30.8,53.6,33.9,20.3,23.2,956.50,482,1239
2012-09-14 10:57:30,400935450,204,187,0.0,0.0,0.0,30.9,30.9,52.8,34.0,20.1,23.1,957.20,475,1233
2012-09-14 10:58:00,400935480,215,198,0.0,0.0,0.0,31.0,31.0,52.8,34.2,20.2,23.2,957.00,477,1238
2012-09-14 10:58:30,400935510,219,201,0.0,0.0,0.0,30.9,30.9,53.7,34.2,20.4,23.3,957.70,470,1227
2012-09-14 10:59:00,400935540,207,190,0.0,0.0,0.0,31.0,31.0,52.7,34.1,20.2,23.2,957.90,469,1229
2012-09-14 10:59:30,400935570,179,161,0.0,0.0,0.0,31.0,31.0,52.8,34.2,20.3,23.3,957.70,471,1232
2012-09-14 11:00:00,400935600,182,164,0.0,0.0,0.0,30.9,30.9,53.7,34.2,20.4,23.3,957.80,470,1229
2012-09-14 11:00:30,400935630,199,181,0.0,0.0,0.0,30.9,30.9,53.5,34.1,20.4,23.3,957.80,470,1226
2012-09-14 11:01:00,400935660,199,181,0.0,0.0,0.0,30.9,30.9,54.0,34.2,20.6,23.4,957.90,469,1227
2012-09-14 11:01:30,400935690,199,181,0.0,0.0,0.0,30.9,30.9,54.0,34.2,20.6,23.4,958.00,468,1226
2012-09-14 11:02:00,400935720,199,181,0.0,0.0,0.0,30.9,30.9,54.1,34.3,20.6,23.4,957.90,470,1228
2012-09-14 11:02:30,400935750,199,182,0.0,0.0,0.0,31.0,31.0,53.7,34.4,20.6,23.5,957.80,470,1233
2012-09-14 11:03:00,400935780,199,182,0.0,0.0,0.0,31.0,31.0,54.6,34.6,20.8,23.6,957.70,471,1236
2012-09-14 11:03:30,400935810,199,182,0.0,0.0,0.0,31.0,31.0,54.8,34.6,20.9,23.6,957.80,470,1234
2012-09-14 11:04:00,400935840,199,182,0.0,0.0,0.0,31.1,31.1,55.1,34.9,21.0,23.7,957.90,470,1237
2012-09-14 11:04:30,400935870,199,182,0.0,0.0,0.0,31.1,31.1,55.2,34.9,21.0,23.7,957.80,470,1237
2012-09-14 11:05:00,400935900,199,182,0.0,0.0,0.0,31.1,31.1,55.4,34.9,21.1,23.8,957.80,470,1238
2012-09-14 11:05:30,400935930,199,182,0.0,0.0,0.0,31.3,31.3,54.9,35.2,21.2,23.9,957.60,472,1248
2012-09-14 11:06:00,400935960,199,182,0.0,0.0,0.0,31.2,31.2,56.0,35.3,21.4,24.0,957.90,470,1243
2012-09-14 11:06:30,400935990,199,182,0.0,0.0,0.0,31.3,31.3,55.8,35.4,21.4,24.0,958.10,468,1244
2012-09-14 11:07:00,400936020,199,182,0.0,0.0,0.0,31.3,31.3,56.3,35.5,21.6,24.2,958.00,469,1247
2012-09-14 11:07:30,400936050,199,182,0.0,0.0,0.0,31.4,31.4,55.8,35.7,21.5,24.2,958.00,469,1250
2012-09-14 11:08:00,400936080,199,182,0.0,0.0,0.0,31.6,31.6,55.6,36.1,21.6,24.2,957.60,471,1259
2012-09-14 11:08:30,400936110,199,182,0.0,0.0,0.0,31.4,31.4,56.5,35.9,21.7,24.3,958.00,469,1251
2012-09-14 11:09:00,400936140,199,182,0.0,0.0,0.0,31.6,31.6,56.0,36.2,21.7,24.3,957.70,471,1260
2012-09-14 11:09:30,400936170,199,182,0.0,0.0,0.0,31.7,31.7,55.9,36.4,21.8,24.4,957.60,471,1264
2012-09-14 11:10:00,400936200,199,182,0.0,0.0,0.0,31.6,31.6,57.1,36.5,22.1,24.6,957.50,472,1264
2012-09-14 11:10:30,400936230,199,182,0.0,0.0,0.0,31.7,31.7,56.2,36.5,21.9,24.5,957.70,470,1264
2012-09-14 11:11:00,400936260,199,182,0.0,0.0,0.0,31.7,31.7,56.6,36.6,22.1,24.6,957.80,470,1266
2012-09-14 11:11:30,400936290,199,182,0.0,0.0,0.0,31.7,31.7,57.0,36.7,22.1,24.6,957.30,474,1270
2012-09-14 11:12:00,400936320,199,182,0.0,0.0,0.0,31.8,31.8,57.0,37.0,22.2,24.7,957.50,473,1272
2012-09-14 11:12:30,400936350,199,182,0.0,0.0,0.0,31.9,31.9,57.1,37.2,22.3,24.8,957.50,473,1275
2012-09-14 11:13:00,400936380,199,182,0.0,0.0,0.0,31.9,31.9,56.9,37.2,22.3,24.8,957.50,473,1275
2012-09-14 11:13:30,400936410,199,182,0.0,0.0,0.0,32.0,32.0,56.6,37.3,22.3,24.8,957.50,472,1278
2012-09-14 11:14:00,400936440,205,187,0.0,0.0,0.0,32.2,32.2,56.1,37.7,22.3,24.8,957.60,472,1284
2012-09-14 11:14:30,400936470,209,192,0.0,0.0,0.0,32.1,32.1,56.6,37.6,22.4,24.9,957.70,471,1282
2012-09-14 11:15:00,400936500,209,191,0.0,0.0,0.0,32.2,32.2,55.9,37.6,22.3,24.8,957.60,472,1285
2012-09-14 11:15:30,400936530,209,191,0.0,0.0,0.0,32.2,32.2,56.5,37.8,22.4,24.9,957.50,473,1286
2012-09-14 11:16:00,400936560,209,191,0.0,0.0,0.0,32.2,32.2,55.9,37.6,22.2,24.8,957.50,473,1285
2012-09-14 11:16:30,400936590,209,191,0.0,0.0,0.0,32.3,32.3,55.7,37.8,22.3,24.9,957.70,471,1286
2012-09-14 11:17:00,400936620,209,191,0.0,0.0,0.0,32.2,32.2,55.3,37.5,22.1,24.7,958.00,468,1278
2012-09-14 11:17:30,400936650,209,191,0.0,0.0,0.0,32.3,32.3,55.1,37.7,22.2,24.8,957.60,471,1286
2012-09-14 11:18:00,400936680,209,191,0.0,0.0,0.0,32.3,32.3,54.7,37.6,22.0,24.7,957.50,473,1287
2012-09-14 11:18:30,400936710,209,192,0.0,0.0,0.0,32.3,32.3,54.6,37.5,22.0,24.7,957.20,475,1290
2012-09-14 11:19:00,400936740,209,192,0.0,0.0,0.0,32.4,32.4,54.0,37.6,21.9,24.7,957.30,474,1292
2012-09-14 11:19:30,400936770,209,192,0.0,0.0,0.0,32.4,32.4,54.2,37.7,22.0,24.7,957.50,473,1290
2012-09-14 11:20:00,400936800,209,192,0.0,0.0,0.0,32.4,32.4,54.0,37.6,21.9,24.7,957.50,473,1290
2012-09-14 11:20:30,400936830,209,192,0.0,0.0,0.0,32.5,32.5,53.9,37.8,21.9,24.7,957.50,473,1292
2012-09-14 11:21:00,400936860,209,191,0.0,0.0,0.0,32.4,32.4,53.7,37.5,21.8,24.6,957.40,474,1293
2012-09-14 11:21:30,400936890,209,191,0.0,0.0,0.0,32.5,32.5,53.5,37.7,21.8,24.6,957.00,476,1295
2012-09-14 11:22:00,400936920,209,191,0.0,0.0,0.0,32.5,32.5,53.4,37.6,21.8,24.6,957.60,471,1290
2012-09-14 11:22:30,400936950,209,191,0.0,0.0,0.0,32.6,32.6,52.6,37.6,21.7,24.6,957.50,472,1296
2012-09-14 11:23:00,400936980,209,191,0.0,0.0,0.0,32.7,32.7,52.2,37.8,21.7,24.6,957.60,472,1298
2012-09-14 11:23:30,400937010,209,191,0.0,0.0,0.0,32.6,32.6,52.4,37.6,21.6,24.5,957.30,474,1296
2012-09-14 11:24:00,400937040,209,191,0.0,0.0,0.0,32.6,32.6,52.5,37.6,21.6,24.5,957.60,472,1294
2012-09-14 11:24:30,400937070,209,192,0.0,0.0,0.0,32.8,32.8,51.7,37.8,21.5,24.5,957.60,472,1299
2012-09-14 11:25:00,400937100,209,191,0.0,0.0,0.0,32.7,32.7,52.2,37.8,21.6,24.5,957.40,474,1298
2012-09-14 11:25:30,400937130,209,191,0.0,0.0,0.0,32.7,32.7,52.0,37.7,21.5,24.5,957.40,473,1297
2012-09-14 11:26:00,400937160,209,191,0.0,0.0,0.0,32.8,32.8,51.4,37.8,21.5,24.5,957.50,472,1299
2012-09-14 11:26:30,400937190,209,192,0.0,0.0,0.0,32.8,32.8,51.0,37.7,21.4,24.4,957.30,475,1303
2012-09-14 11:27:00,400937220,209,191,0.0,0.0,0.0,32.9,32.9,50.8,37.8,21.4,24.4,957.20,475,1305
2012-09-14 11:27:30,400937250,207,189,0.0,0.0,0.0,32.9,32.9,50.7,37.8,21.3,24.4,957.40,474,1304
2012-09-14 11:28:00,400937280,203,185,0.0,0.0,0.0,32.8,32.8,51.2,37.7,21.4,24.4,957.50,473,1301
2012-09-14 11:28:30,400937310,207,189,0.0,0.0,0.0,32.9,32.9,51.1,37.9,21.4,24.4,957.10,475,1305
2012-09-14 11:29:00,400937340,212,195,0.0,0.0,0.0,32.9,32.9,50.4,37.7,21.3,24.4,956.90,478,1309
2012-09-14 11:29:30,400937370,213,195,0.0,0.0,0.0,32.9,32.9,50.9,37.8,21.4,24.4,957.10,476,1307
2012-09-14 11:30:00,400937400,213,195,0.0,0.0,0.0,32.9,32.9,50.6,37.7,21.3,24.4,957.10,476,1308
2012-09-14 11:30:30,400937430,212,195,0.0,0.0,0.0,33.0,33.0,50.0,37.8,21.2,24.3,956.80,478,1312
2012-09-14 11:31:00,400937460,212,195,0.0,0.0,0.0,33.1,33.1,49.7,37.9,21.2,24.4,956.80,479,1317
2012-09-14 11:31:30,400937490,213,195,0.0,0.0,0.0,33.1,33.1,49.5,37.8,21.1,24.3,957.20,475,1311
2012-09-14 11:32:00,400937520,213,195,0.0,0.0,0.0,33.0,33.0,49.9,37.7,21.1,24.3,957.00,477,1309
2012-09-14 11:32:30,400937550,213,195,0.0,0.0,0.0,33.0,33.0,49.8,37.7,21.1,24.3,957.00,477,1311
2012-09-14 11:33:00,400937580,213,195,0.0,0.0,0.0,33.1,33.1,49.0,37.7,21.0,24.2,956.90,478,1315
2012-09-14 11:33:30,400937610,213,195,0.0,0.0,0.0,33.1,33.1,49.0,37.7,21.0,24.2,957.00,477,1313
2012-09-14 11:34:00,400937640,213,195,0.0,0.0,0.0,33.2,33.2,48.9,37.8,21.0,24.3,956.90,477,1315
2012-09-14 11:34:30,400937670,213,195,0.0,0.0,0.0,33.1,33.1,49.2,37.7,21.0,24.2,956.50,482,1317
2012-09-14 11:35:00,400937700,213,195,0.0,0.0,0.0,33.2,33.2,49.0,37.9,21.0,24.3,956.80,479,1317
2012-09-14 11:35:30,400937730,213,195,0.0,0.0,0.0,33.1,33.1,48.8,37.6,20.9,24.2,956.50,482,1318
2012-09-14 11:36:00,400937760,213,195,0.0,0.0,0.0,33.2,33.2,48.8,37.8,21.0,24.3,956.70,480,1319
2012-09-14 11:36:30,400937790,213,195,0.0,0.0,0.0,33.3,33.3,48.1,37.8,20.8,24.2,956.50,482,1322
2012-09-14 11:37:00,400937820,213,195,0.0,0.0,0.0,33.3,33.3,48.4,38.0,20.9,24.2,956.50,481,1322
2012-09-14 11:37:30,400937850,213,195,0.0,0.0,0.0,33.3,33.3,48.0,37.8,20.8,24.2,956.80,479,1319
2012-09-14 11:38:00,400937880,213,195,0.0,0.0,0.0,33.3,33.3,48.2,37.9,20.8,24.2,956.40,482,1323
2012-09-14 11:38:30,400937910,213,195,0.0,0.0,0.0,33.3,33.3,47.5,37.6,20.7,24.1,956.70,479,1320
2012-09-14 11:39:00,400937940,213,195,0.0,0.0,0.0,33.3,33.3,48.1,37.8,20.8,24.2,956.70,480,1322
2012-09-14 11:39:30,400937970,213,195,0.0,0.0,0.0,33.3,33.3,47.9,37.8,20.8,24.2,956.60,481,1323
2012-09-14 11:40:00,400938000,213,195,0.0,0.0,0.0,33.4,33.4,47.2,37.7,20.6,24.1,956.70,479,1322
2012-09-14 11:40:30,400938030,213,195,0.0,0.0,0.0,33.3,33.3,47.7,37.7,20.7,24.1,956.60,481,1323
2012-09-14 11:41:00,400938060,213,195,0.0,0.0,0.0,33.3,33.3,47.4,37.6,20.6,24.0,956.50,482,1322
2012-09-14 11:41:30,400938090,213,195,0.0,0.0,0.0,33.4,33.4,47.4,37.8,20.7,24.1,956.90,478,1320
2012-09-14 11:42:00,400938120,213,195,0.0,0.0,0.0,33.3,33.3,47.3,37.6,20.6,24.0,956.70,480,1321
2012-09-14 11:42:30,400938150,213,195,0.0,0.0,0.0,33.5,33.5,46.4,37.7,20.5,24.0,956.70,480,1326
2012-09-14 11:43:00,400938180,213,195,0.0,0.0,0.0,33.4,33.4,46.9,37.7,20.5,24.0,956.60,481,1324
2012-09-14 11:43:30,400938210,213,195,0.0,0.0,0.0,33.4,33.4,46.7,37.6,20.5,24.0,956.30,483,1328
2012-09-14 11:44:00,400938240,213,196,0.0,0.0,0.0,33.4,33.4,46.9,37.7,20.5,24.0,956.50,482,1326
2012-09-14 11:44:30,400938270,216,198,0.0,0.0,0.0,33.5,33.5,46.7,37.8,20.5,24.0,956.40,482,1330
2012-09-14 11:45:00,400938300,220,202,0.0,0.0,0.0,33.5,33.5,46.3,37.7,20.4,24.0,956.60,481,1327
2012-09-14 11:45:30,400938330,220,203,0.0,0.0,0.0,33.5,33.5,46.6,37.8,20.5,24.0,956.30,482,1329
2012-09-14 11:46:00,400938360,223,205,0.0,0.0,0.0,33.5,33.5,46.4,37.7,20.4,24.0,956.70,479,1323
2012-09-14 11:46:30,400938390,215,198,0.0,0.0,0.0,33.6,33.6,45.9,37.8,20.3,23.9,956.80,478,1326
2012-09-14 11:47:00,400938420,195,178,0.0,0.0,0.0,33.7,33.7,45.7,37.9,20.3,23.9,957.30,475,1325
2012-09-14 11:47:30,400938450,179,161,0.0,0.0,0.0,33.5,33.5,46.3,37.7,20.4,24.0,957.00,477,1322
2012-09-14 11:48:00,400938480,167,150,0.0,0.0,0.0,33.5,33.5,46.3,37.7,20.4,24.0,957.00,477,1322
2012-09-14 11:48:30,400938510,167,150,0.0,0.0,0.0,33.7,33.7,45.7,37.9,20.3,23.9,957.00,477,1330
2012-09-14 11:49:00,400938540,167,150,0.0,0.0,0.0,33.6,33.6,45.8,37.7,20.3,23.9,957.10,476,1326
2012-09-14 11:49:30,400938570,167,150,0.0,0.0,0.0,33.6,33.6,46.1,37.8,20.4,24.0,957.00,476,1326
2012-09-14 11:50:00,400938600,167,150,0.0,0.0,0.0,33.7,33.7,45.6,37.9,20.4,24.0,956.80,478,1331
2012-09-14 11:50:30,400938630,167,150,0.0,0.0,0.0,33.6,33.6,46.2,37.9,20.5,24.0,956.80,479,1329
2012-09-14 11:51:00,400938660,167,150,0.0,0.0,0.0,33.7,33.7,45.5,37.8,20.3,23.9,957.30,474,1323
2012-09-14 11:51:30,400938690,167,150,0.0,0.0,0.0,33.7,33.7,45.4,37.8,20.3,23.9,957.10,476,1326
2012-09-14 11:52:00,400938720,167,150,0.0,0.0,0.0,33.6,33.6,45.9,37.8,20.4,24.0,956.90,478,1328
2012-09-14 11:52:30,400938750,167,150,0.0,0.0,0.0,33.7,33.7,45.3,37.8,20.2,23.9,957.20,475,1325
2012-09-14 11:53:00,400938780,168,150,0.0,0.0,0.0,33.7,33.7,45.2,37.7,20.2,23.9,956.80,479,1331
2012-09-14 11:53:30,400938810,167,150,0.0,0.0,0.0,33.7,33.7,45.4,37.8,20.3,23.9,957.00,476,1327
2012-09-14 11:54:00,400938840,167,150,0.0,0.0,0.0,33.7,33.7,45.6,37.9,20.3,23.9,957.00,477,1329
2012-09-14 11:54:30,400938870,169,152,0.0,0.0,0.0,33.7,33.7,45.4,37.8,20.2,23.9,957.20,475,1323
2012-09-14 11:55:00,400938900,171,154,0.0,0.0,0.0,33.8,33.8,44.9,37.8,20.2,23.9,957.10,475,1330
2012-09-14 11:55:30,400938930,172,155,0.0,0.0,0.0,33.7,33.7,45.4,37.8,20.2,23.9,957.30,475,1324
2012-09-14 11:56:00,400938960,173,155,0.0,0.0,0.0,33.9,33.9,44.8,38.0,20.2,23.9,957.00,476,1333
2012-09-14 11:56:30,400938990,176,159,0.0,0.0,0.0,33.7,33.7,45.3,37.8,20.2,23.9,956.30,483,1335
2012-09-14 11:57:00,400939020,185,167,0.0,0.0,0.0,33.7,33.7,45.3,37.8,20.2,23.9,956.60,481,1332
2012-09-14 11:57:30,400939050,187,170,0.0,0.0,0.0,33.9,33.9,44.7,38.0,20.2,23.9,956.40,482,1341
2012-09-14 11:58:00,400939080,187,170,0.0,0.0,0.0,33.8,33.8,45.0,37.9,20.2,23.9,956.50,482,1337
2012-09-14 11:58:30,400939110,187,170,0.0,0.0,0.0,33.8,33.8,44.8,37.8,20.2,23.9,956.50,482,1337
2012-09-14 11:59:00,400939140,187,170,0.0,0.0,0.0,33.8,33.8,45.3,38.0,20.3,23.9,956.50,482,1335
2012-09-14 11:59:30,400939170,187,170,0.0,0.0,0.0,33.8,33.8,45.2,37.9,20.3,23.9,956.50,481,1334
2012-09-14 12:00:00,400939200,188,170,0.0,0.0,0.0,33.8,33.8,44.9,37.8,20.2,23.9,956.20,484,1340
2012-09-14 12:00:30,400939230,188,170,0.0,0.0,0.0,33.8,33.8,45.2,37.9,20.3,23.9,956.30,482,1337
2012-09-14 12:01:00,400939260,187,170,0.0,0.0,0.0,33.8,33.8,45.1,37.9,20.2,23.9,956.30,483,1337
2012-09-14 12:01:30,400939290,187,170,0.0,0.0,0.0,33.8,33.8,45.1,37.9,20.2,23.9,956.40,482,1337
2012-09-14 12:02:00,400939320,188,170,0.0,0.0,0.0,33.8,33.8,45.1,37.9,20.2,23.9,956.60,481,1335
2012-09-14 12:02:30,400939350,187,170,0.0,0.0,0.0,33.8,33.8,45.1,37.9,20.3,23.9,956.10,484,1340
2012-09-14 12:03:00,400939380,187,170,0.0,0.0,0.0,33.9,33.9,44.8,38.0,20.2,23.9,956.20,483,1343
2012-09-14 12:03:30,400939410,188,170,0.0,0.0,0.0,33.9,33.9,44.7,38.0,20.2,23.9,956.60,481,1340
2012-09-14 12:04:00,400939440,204,186,0.0,0.0,0.0,33.9,33.9,45.2,38.1,20.4,24.1,956.40,482,1341
2012-09-14 12:04:30,400939470,225,207,0.0,0.0,0.0,33.9,33.9,44.8,38.0,20.2,23.9,956.30,483,1343
2012-09-14 12:05:00,400939500,222,204,0.0,0.0,0.0,33.9,33.9,45.2,38.1,20.4,24.1,956.20,484,1344
2012-09-14 12:05:30,400939530,220,203,0.0,0.0,0.0,33.9,33.9,45.0,38.1,20.3,24.0,955.90,486,1344
2012-09-14 12:06:00,400939560,221,204,0.0,0.0,0.0,34.0,34.0,44.5,38.1,20.2,24.0,956.40,482,1344
2012-09-14 12:06:30,400939590,216,199,0.0,0.0,0.0,33.9,33.9,45.1,38.1,20.3,24.0,956.40,482,1342
2012-09-14 12:07:00,400939620,209,192,0.0,0.0,0.0,34.1,34.1,44.4,38.3,20.2,24.0,955.70,488,1353
2012-09-14 12:07:30,400939650,229,211,0.0,0.0,0.0,34.0,34.0,44.5,38.1,20.2,24.0,955.70,489,1353
2012-09-14 12:08:00,400939680,231,214,0.0,0.0,0.0,34.1,34.1,44.4,38.3,20.2,24.0,954.90,495,1362
2012-09-14 12:08:30,400939710,215,198,0.0,0.0,0.0,34.0,34.0,44.5,38.1,20.2,24.0,955.30,492,1357
2012-09-14 12:09:00,400939740,250,233,0.0,0.0,0.0,34.1,34.1,44.5,38.3,20.3,24.0,955.30,492,1357
2012-09-14 12:09:30,400939770,264,246,0.0,0.0,0.0,34.1,34.1,44.4,38.3,20.3,24.0,954.10,502,1371
2012-09-14 12:10:00,400939800,264,247,0.0,0.0,0.0,34.1,34.1,44.4,38.3,20.3,24.0,955.70,488,1353
2012-09-14 12:10:30,400939830,261,244,0.0,0.0,0.0,34.0,34.0,45.1,38.3,20.4,24.1,956.90,478,1339
2012-09-14 12:11:00,400939860,260,242,0.0,0.0,0.0,34.0,34.0,45.3,38.4,20.5,24.1,955.80,487,1350
2012-09-14 12:11:30,400939890,257,239,0.0,0.0,0.0,34.0,34.0,45.1,38.3,20.4,24.1,956.60,481,1341
2012-09-14 12:12:00,400939920,258,240,0.0,0.0,0.0,34.1,34.1,44.7,38.4,20.3,24.0,957.50,472,1334
2012-09-14 12:12:30,400939950,263,245,0.0,0.0,0.0,34.0,34.0,45.1,38.3,20.4,24.1,958.60,463,1321
2012-09-14 12:13:00,400939980,264,246,0.0,0.0,0.0,34.0,34.0,45.3,38.4,20.5,24.1,957.70,471,1332
2012-09-14 12:13:30,400940010,264,247,0.0,0.0,0.0,34.0,34.0,45.4,38.4,20.5,24.1,958.50,464,1324
2012-09-14 12:14:00,400940040,265,247,0.0,0.0,0.0,34.0,34.0,45.4,38.4,20.5,24.1,959.40,457,1313
2012-09-14 12:14:30,400940070,266,248,0.0,0.0,0.0,34.1,34.1,45.1,38.5,20.5,24.2,960.10,450,1309
2012-09-14 12:15:00,400940100,266,249,0.0,0.0,0.0,34.0,34.0,45.3,38.4,20.5,24.2,960.00,451,1306
2012-09-14 12:15:30,400940130,266,249,0.0,0.0,0.0,34.2,34.2,44.8,38.6,20.5,24.2,961.10,442,1303
2012-09-14 12:16:00,400940160,266,248,0.0,0.0,0.0,34.1,34.1,45.0,38.5,20.5,24.2,961.20,441,1298
2012-09-14 12:16:30,400940190,264,247,0.0,0.0,0.0,34.2,34.2,45.1,38.7,20.6,24.3,960.50,447,1308
2012-09-14 12:17:00,400940220,262,245,0.0,0.0,0.0,34.2,34.2,45.1,38.7,20.6,24.3,959.70,453,1315
2012-09-14 12:17:30,400940250,263,245,0.0,0.0,0.0,34.2,34.2,45.2,38.7,20.6,24.3,960.00,451,1314
2012-09-14 12:18:00,400940280,264,247,0.0,0.0,0.0,34.2,34.2,45.2,38.7,20.6,24.3,960.30,448,1312
2012-09-14 12:18:30,400940310,265,248,0.0,0.0,0.0,34.1,34.1,45.9,38.8,20.8,24.4,960.30,448,1311
2012-09-14 12:19:00,400940340,265,248,0.0,0.0,0.0,34.2,34.2,45.4,38.8,20.7,24.3,963.20,423,1279
2012-09-14 12:19:30,400940370,266,248,0.0,0.0,0.0,34.2,34.2,46.0,39.0,20.9,24.4,962.00,434,1294
2012-09-14 12:20:00,400940400,265,248,0.0,0.0,0.0,34.1,34.1,45.8,38.7,20.8,24.4,961.00,443,1303
2012-09-14 12:20:30,400940430,266,248,0.0,0.0,0.0,34.2,34.2,45.8,38.9,20.9,24.4,962.80,427,1288
2012-09-14 12:21:00,400940460,265,248,0.0,0.0,0.0,34.2,34.2,46.2,39.1,21.0,24.5,963.70,419,1277
2012-09-14 12:21:30,400940490,263,245,0.0,0.0,0.0,34.3,34.3,45.8,39.1,21.0,24.6,964.00,417,1279
2012-09-14 12:22:00,400940520,262,245,0.0,0.0,0.0,34.2,34.2,46.4,39.1,21.1,24.6,961.90,435,1297
2012-09-14 12:22:30,400940550,263,246,0.0,0.0,0.0,34.4,34.4,45.8,39.3,21.0,24.6,961.80,435,1305
2012-09-14 12:23:00,400940580,262,244,0.0,0.0,0.0,34.4,34.4,46.0,39.4,21.1,24.6,963.50,421,1288
2012-09-14 12:23:30,400940610,259,241,0.0,0.0,0.0,34.3,34.3,46.5,39.4,21.2,24.7,964.10,416,1277
2012-09-14 12:24:00,400940640,258,241,0.0,0.0,0.0,34.3,34.3,46.5,39.4,21.2,24.7,965.40,404,1265
2012-09-14 12:24:30,400940670,260,243,0.0,0.0,0.0,34.4,34.4,46.5,39.6,21.3,24.8,965.00,408,1273
2012-09-14 12:25:00,400940700,262,245,0.0,0.0,0.0,34.4,34.4,46.4,39.5,21.2,24.7,967.00,391,1249
2012-09-14 12:25:30,400940730,263,245,0.0,0.0,0.0,34.4,34.4,46.4,39.5,21.3,24.8,966.90,392,1252
2012-09-14 12:26:00,400940760,260,243,0.0,0.0,0.0,34.4,34.4,46.2,39.5,21.2,24.7,966.10,399,1259
2012-09-14 12:26:30,400940790,262,244,0.0,0.0,0.0,34.4,34.4,46.1,39.4,21.2,24.7,964.30,414,1279
2012-09-14 12:27:00,400940820,258,241,0.0,0.0,0.0,34.4,34.4,46.1,39.4,21.2,24.7,964.90,409,1274
2012-09-14 12:27:30,400940850,233,216,0.0,0.0,0.0,34.5,34.5,46.2,39.7,21.2,24.7,966.70,394,1256
2012-09-14 12:28:00,400940880,239,221,0.0,0.0,0.0,34.5,34.5,46.1,39.6,21.2,24.7,966.20,397,1261
2012-09-14 12:28:30,400940910,245,228,0.0,0.0,0.0,34.7,34.7,45.5,39.9,21.2,24.8,967.00,390,1258
2012-09-14 12:29:00,400940940,247,230,0.0,0.0,0.0,34.5,34.5,46.1,39.6,21.2,24.7,967.20,388,1252
2012-09-14 12:29:30,400940970,247,229,0.0,0.0,0.0,34.6,34.6,46.0,39.8,21.2,24.8,967.50,386,1250
2012-09-14 12:30:00,400941000,246,229,0.0,0.0,0.0,34.6,34.6,46.1,39.8,21.3,24.8,967.10,389,1256
2012-09-14 12:30:30,400941030,256,239,0.0,0.0,0.0,34.7,34.7,45.5,39.9,21.2,24.8,966.90,391,1258
2012-09-14 12:31:00,400941060,261,243,0.0,0.0,0.0,34.6,34.6,45.8,39.7,21.2,24.8,967.20,389,1255
2012-09-14 12:31:30,400941090,261,244,0.0,0.0,0.0,34.6,34.6,45.8,39.7,21.3,24.8,969.30,371,1234
2012-09-14 12:32:00,400941120,262,245,0.0,0.0,0.0,34.7,34.7,45.6,40.0,21.2,24.8,969.60,368,1232
2012-09-14 12:32:30,400941150,265,247,0.0,0.0,0.0,34.7,34.7,45.5,39.9,21.2,24.8,971.80,348,1208
2012-09-14 12:33:00,400941180,257,239,0.0,0.0,0.0,34.9,34.9,45.1,40.2,21.2,24.9,972.20,345,1211
2012-09-14 12:33:30,400941210,250,232,0.0,0.0,0.0,34.9,34.9,45.2,40.2,21.2,24.9,973.20,336,1199
2012-09-14 12:34:00,400941240,254,236,0.0,0.0,0.0,34.8,34.8,45.8,40.2,21.4,24.9,973.50,334,1197
2012-09-14 12:34:30,400941270,257,240,0.0,0.0,0.0,34.9,34.9,45.1,40.2,21.2,24.9,972.70,341,1207
2012-09-14 12:35:00,400941300,261,243,0.0,0.0,0.0,34.8,34.8,45.7,40.2,21.3,24.9,972.00,347,1211
2012-09-14 12:35:30,400941330,261,243,0.0,0.0,0.0,34.8,34.8,45.6,40.2,21.3,24.9,970.20,362,1230
2012-09-14 12:36:00,400941360,253,236,0.0,0.0,0.0,34.9,34.9,45.1,40.2,21.2,24.8,969.70,366,1238
2012-09-14 12:36:30,400941390,236,218,0.0,0.0,0.0,34.9,34.9,45.6,40.4,21.4,25.0,969.10,372,1245
2012-09-14 12:37:00,400941420,221,204,0.0,0.0,0.0,35.0,35.0,44.9,40.3,21.3,24.9,969.30,371,1247
2012-09-14 12:37:30,400941450,220,203,0.0,0.0,0.0,35.0,35.0,44.8,40.3,21.2,24.9,970.20,363,1237
2012-09-14 12:38:00,400941480,225,207,0.0,0.0,0.0,35.0,35.0,44.8,40.3,21.2,24.9,970.70,358,1231
2012-09-14 12:38:30,400941510,225,207,0.0,0.0,0.0,35.1,35.1,44.8,40.6,21.3,24.9,970.80,358,1233
2012-09-14 12:39:00,400941540,222,205,0.0,0.0,0.0,35.1,35.1,44.7,40.5,21.2,24.9,971.20,354,1229
2012-09-14 12:39:30,400941570,213,196,0.0,0.0,0.0,34.9,34.9,45.3,40.3,21.3,24.9,970.00,364,1236
2012-09-14 12:40:00,400941600,222,204,0.0,0.0,0.0,34.9,34.9,45.1,40.2,21.3,24.9,971.30,354,1223
2012-09-14 12:40:30,400941630,234,217,0.0,0.0,0.0,35.0,35.0,45.3,40.5,21.4,25.0,971.60,351,1222
2012-09-14 12:41:00,400941660,235,218,0.0,0.0,0.0,35.0,35.0,45.2,40.4,21.3,24.9,971.70,349,1219
2012-09-14 12:41:30,400941690,235,218,0.0,0.0,0.0,35.1,35.1,44.6,40.5,21.2,24.9,971.80,348,1223
2012-09-14 12:42:00,400941720,242,224,0.0,0.0,0.0,35.0,35.0,45.1,40.4,21.3,24.9,972.10,347,1217
2012-09-14 12:42:30,400941750,250,232,0.0,0.0,0.0,35.1,35.1,44.8,40.6,21.3,24.9,973.20,337,1208
2012-09-14 12:43:00,400941780,246,228,0.0,0.0,0.0,35.1,35.1,44.6,40.5,21.3,24.9,973.10,337,1209
2012-09-14 12:43:30,400941810,226,208,0.0,0.0,0.0,35.1,35.1,45.1,40.7,21.4,25.0,973.40,335,1207
2012-09-14 12:44:00,400941840,198,180,0.0,0.0,0.0,35.2,35.2,44.5,40.6,21.2,24.9,974.50,325,1196
2012-09-14 12:44:30,400941870,232,214,0.0,0.0,0.0,35.1,35.1,45.1,40.7,21.4,25.0,975.10,320,1189
2012-09-14 12:45:00,400941900,252,234,0.0,0.0,0.0,35.2,35.2,44.4,40.6,21.2,24.9,975.50,316,1185
2012-09-14 12:45:30,400941930,245,227,0.0,0.0,0.0,35.1,35.1,44.9,40.6,21.3,24.9,975.20,320,1189
2012-09-14 12:46:00,400941960,246,229,0.0,0.0,0.0,35.1,35.1,44.9,40.6,21.4,25.0,975.40,318,1187
2012-09-14 12:46:30,400941990,251,233,0.0,0.0,0.0,35.2,35.2,45.0,40.9,21.4,25.0,976.00,313,1182
2012-09-14 12:47:00,400942020,244,226,0.0,0.0,0.0,35.2,35.2,44.6,40.7,21.3,25.0,976.20,311,1182
2012-09-14 12:47:30,400942050,234,217,0.0,0.0,0.0,35.2,35.2,45.0,40.9,21.5,25.1,976.20,311,1181
2012-09-14 12:48:00,400942080,238,221,0.0,0.0,0.0,35.3,35.3,44.4,40.9,21.4,25.1,976.20,311,1184
2012-09-14 12:48:30,400942110,241,223,0.0,0.0,0.0,35.3,35.3,44.4,40.9,21.3,25.0,976.00,312,1184
2012-09-14 12:49:00,400942140,241,224,0.0,0.0,0.0,35.2,35.2,45.1,40.9,21.5,25.1,976.00,312,1183
2012-09-14 12:49:30,400942170,242,224,0.0,0.0,0.0,35.2,35.2,44.9,40.8,21.4,25.0,976.00,313,1183
2012-09-14 12:50:00,400942200,242,224,0.0,0.0,0.0,35.2,35.2,44.9,40.8,21.5,25.1,976.00,313,1185
2012-09-14 12:50:30,400942230,188,170,0.0,0.0,0.0,35.3,35.3,44.6,40.9,21.4,25.1,975.80,314,1188
2012-09-14 12:51:00,400942260,169,152,0.0,0.0,0.0,35.2,35.2,44.7,40.7,21.4,25.0,975.40,318,1191
2012-09-14 12:51:30,400942290,185,168,0.0,0.0,0.0,35.3,35.3,44.8,41.0,21.5,25.1,975.40,318,1193
2012-09-14 12:52:00,400942320,175,157,0.0,0.0,0.0,35.3,35.3,44.8,41.0,21.5,25.1,974.90,321,1197
2012-09-14 12:52:30,400942350,171,153,0.0,0.0,0.0,35.3,35.3,44.7,41.0,21.5,25.1,975.20,320,1197
2012-09-14 12:53:00,400942380,160,143,0.0,0.0,0.0,35.4,35.4,44.3,41.1,21.4,25.1,974.60,324,1202
2012-09-14 12:53:30,400942410,193,175,0.0,0.0,0.0,35.4,35.4,44.1,41.0,21.3,25.0,974.90,322,1202
2012-09-14 12:54:00,400942440,200,182,0.0,0.0,0.0,35.3,35.3,44.6,40.9,21.4,25.1,975.40,318,1195
2012-09-14 12:54:30,400942470,173,155,0.0,0.0,0.0,35.3,35.3,44.5,40.9,21.4,25.1,975.30,318,1195
2012-09-14 12:55:00,400942500,173,155,0.0,0.0,0.0,35.4,35.4,44.7,41.2,21.5,25.2,975.50,316,1195
2012-09-14 12:55:30,400942530,172,155,0.0,0.0,0.0,35.4,35.4,44.1,41.0,21.4,25.1,974.90,322,1202
2012-09-14 12:56:00,400942560,173,156,0.0,0.0,0.0,35.4,35.4,44.4,41.1,21.4,25.1,975.20,320,1197
2012-09-14 12:56:30,400942590,211,194,0.0,0.0,0.0,35.4,35.4,44.6,41.1,21.5,25.2,975.30,318,1198
2012-09-14 12:57:00,400942620,228,210,0.0,0.0,0.0,35.5,35.5,43.9,41.1,21.4,25.1,976.20,310,1191
2012-09-14 12:57:30,400942650,248,230,0.0,0.0,0.0,35.5,35.5,44.1,41.2,21.4,25.1,976.80,306,1183
2012-09-14 12:58:00,400942680,264,246,0.0,0.0,0.0,35.5,35.5,43.8,41.1,21.3,25.0,976.70,306,1185
2012-09-14 12:58:30,400942710,258,240,0.0,0.0,0.0,35.4,35.4,44.4,41.1,21.4,25.1,976.40,309,1185
2012-09-14 12:59:00,400942740,257,240,0.0,0.0,0.0,35.5,35.5,44.4,41.3,21.5,25.2,976.50,309,1186
2012-09-14 12:59:30,400942770,258,240,0.0,0.0,0.0,35.5,35.5,44.5,41.3,21.6,25.2,976.70,307,1185
2012-09-14 13:00:00,400942800,258,240,0.0,0.0,0.0,35.7,35.7,43.7,41.5,21.4,25.2,976.70,307,1192
2012-09-14 13:00:30,400942830,258,240,0.0,0.0,0.0,35.5,35.5,44.3,41.3,21.5,25.2,976.60,307,1185
2012-09-14 13:01:00,400942860,258,240,0.0,0.0,0.0,35.5,35.5,44.4,41.3,21.5,25.2,976.80,306,1185
2012-09-14 13:01:30,400942890,258,240,0.0,0.0,0.0,35.7,35.7,43.7,41.5,21.4,25.2,976.70,306,1191
2012-09-14 13:02:00,400942920,258,240,0.0,0.0,0.0,35.5,35.5,44.1,41.2,21.4,25.1,976.70,307,1187
2012-09-14 13:02:30,400942950,258,240,0.0,0.0,0.0,35.5,35.5,44.3,41.3,21.5,25.2,976.70,307,1186
2012-09-14 13:03:00,400942980,258,240,0.0,0.0,0.0,35.5,35.5,44.3,41.3,21.5,25.2,976.80,306,1185
2012-09-14 13:03:30,400943010,258,241,0.0,0.0,0.0,35.6,35.6,44.3,41.5,21.6,25.3,976.70,306,1189
2012-09-14 13:04:00,400943040,258,240,0.0,0.0,0.0,35.6,35.6,44.4,41.5,21.6,25.3,976.60,308,1190
2012-09-14 13:04:30,400943070,257,240,0.0,0.0,0.0,35.6,35.6,44.3,41.5,21.6,25.3,976.60,307,1189
2012-09-14 13:05:00,400943100,257,240,0.0,0.0,0.0,35.7,35.7,43.8,41.6,21.5,25.2,976.30,310,1198
2012-09-14 13:05:30,400943130,258,240,0.0,0.0,0.0,35.6,35.6,44.2,41.4,21.5,25.2,976.60,307,1189
2012-09-14 13:06:00,400943160,258,240,0.0,0.0,0.0,35.7,35.7,43.7,41.5,21.5,25.2,976.50,308,1195
2012-09-14 13:06:30,400943190,258,241,0.0,0.0,0.0,35.7,35.7,43.7,41.5,21.5,25.2,976.60,307,1193
2012-09-14 13:07:00,400943220,258,240,0.0,0.0,0.0,35.8,35.8,43.7,41.7,21.5,25.3,976.50,309,1199
2012-09-14 13:07:30,400943250,257,240,0.0,0.0,0.0,35.7,35.7,44.4,41.8,21.7,25.4,976.60,307,1193
2012-09-14 13:08:00,400943280,258,241,0.0,0.0,0.0,35.8,35.8,43.7,41.7,21.5,25.3,976.30,309,1200
2012-09-14 13:08:30,400943310,258,240,0.0,0.0,0.0,35.8,35.8,43.7,41.7,21.5,25.3,976.40,309,1200
2012-09-14 13:09:00,400943340,257,240,0.0,0.0,0.0,35.7,35.7,44.4,41.8,21.7,25.4,976.40,309,1197
2012-09-14 13:09:30,400943370,257,240,0.0,0.0,0.0,35.8,35.8,44.3,42.0,21.7,25.4,976.40,309,1199
2012-09-14 13:10:00,400943400,258,240,0.0,0.0,0.0,35.8,35.8,43.8,41.8,21.6,25.3,976.40,309,1200
2012-09-14 13:10:30,400943430,258,240,0.0,0.0,0.0,35.8,35.8,43.9,41.8,21.6,25.3,976.60,308,1199
2012-09-14 13:11:00,400943460,258,240,0.0,0.0,0.0,35.8,35.8,44.5,42.0,21.8,25.4,976.50,309,1201
2012-09-14 13:11:30,400943490,258,240,0.0,0.0,0.0,35.8,35.8,44.4,42.0,21.8,25.4,976.60,308,1198
2012-09-14 13:12:00,400943520,258,240,0.0,0.0,0.0,35.9,35.9,43.9,42.0,21.7,25.4,976.30,310,1204
2012-09-14 13:12:30,400943550,258,240,0.0,0.0,0.0,35.8,35.8,44.5,42.0,21.8,25.4,976.50,309,1201
2012-09-14 13:13:00,400943580,258,241,0.0,0.0,0.0,35.9,35.9,44.0,42.1,21.7,25.4,976.60,308,1200
2012-09-14 13:13:30,400943610,258,240,0.0,0.0,0.0,35.8,35.8,44.5,42.0,21.8,25.4,976.20,311,1203
2012-09-14 13:14:00,400943640,257,240,0.0,0.0,0.0,35.9,35.9,43.9,42.0,21.7,25.4,976.20,310,1207
2012-09-14 13:14:30,400943670,257,240,0.0,0.0,0.0,35.8,35.8,44.5,42.0,21.9,25.5,976.30,310,1204
2012-09-14 13:15:00,400943700,258,240,0.0,0.0,0.0,35.9,35.9,44.7,42.3,22.0,25.6,976.30,310,1208
2012-09-14 13:15:30,400943730,259,242,0.0,0.0,0.0,36.0,36.0,44.0,42.3,21.8,25.5,976.50,309,1206
2012-09-14 13:16:00,400943760,219,201,0.0,0.0,0.0,36.0,36.0,44.2,42.3,21.9,25.6,976.10,312,1211
2012-09-14 13:16:30,400943790,150,133,0.0,0.0,0.0,36.1,36.1,44.1,42.5,21.9,25.6,975.90,313,1215
2012-09-14 13:17:00,400943820,207,190,0.0,0.0,0.0,35.9,35.9,44.7,42.3,22.0,25.6,975.30,319,1219
2012-09-14 13:17:30,400943850,251,234,0.0,0.0,0.0,36.1,36.1,44.1,42.5,21.9,25.6,974.80,323,1228
2012-09-14 13:18:00,400943880,214,196,0.0,0.0,0.0,36.0,36.0,44.7,42.5,22.1,25.7,974.40,326,1230
2012-09-14 13:18:30,400943910,178,160,0.0,0.0,0.0,36.0,36.0,44.6,42.5,22.1,25.7,974.10,329,1235
2012-09-14 13:19:00,400943940,164,147,0.0,0.0,0.0,36.1,36.1,44.4,42.6,22.0,25.6,975.30,319,1223
2012-09-14 13:19:30,400943970,178,161,0.0,0.0,0.0,36.1,36.1,44.3,42.6,22.0,25.6,976.20,311,1214
2012-09-14 13:20:00,400944000,165,148,0.0,0.0,0.0,36.1,36.1,44.6,42.7,22.1,25.7,976.40,309,1214
2012-09-14 13:20:30,400944030,142,125,0.0,0.0,0.0,36.1,36.1,44.8,42.8,22.2,25.8,975.90,314,1219
2012-09-14 13:21:00,400944060,129,112,0.0,0.0,0.0,36.1,36.1,44.5,42.6,22.1,25.7,976.30,310,1215
2012-09-14 13:21:30,400944090,24,7,0.0,0.0,0.0,36.3,36.3,44.1,43.0,22.1,25.8,976.20,311,1221
2012-09-14 13:22:00,400944120,16,359,0.0,0.0,0.0,36.2,36.2,44.2,42.8,22.1,25.7,976.10,312,1219
2012-09-14 13:22:30,400944150,0,343,0.0,0.0,0.0,36.3,36.3,44.1,43.0,22.1,25.8,976.10,312,1222
2012-09-14 13:23:00,400944180,355,338,0.0,0.0,0.0,36.3,36.3,44.0,42.9,22.1,25.8,976.10,312,1223
2012-09-14 13:23:30,400944210,174,157,0.0,0.0,0.0,36.3,36.3,44.0,42.9,22.1,25.8,976.20,311,1222
2012-09-14 13:24:00,400944240,198,180,0.0,0.0,0.0,36.2,36.2,44.6,42.9,22.2,25.8,976.20,310,1219
2012-09-14 13:24:30,400944270,224,207,0.0,0.0,0.0,36.3,36.3,43.9,42.9,22.1,25.8,976.40,309,1220
2012-09-14 13:25:00,400944300,225,207,0.0,0.0,0.0,36.4,36.4,43.6,43.0,22.0,25.7,976.20,310,1223
2012-09-14 13:25:30,400944330,225,207,0.0,0.0,0.0,36.4,36.4,43.2,42.8,21.9,25.7,976.20,310,1223
2012-09-14 13:26:00,400944360,225,208,0.0,0.0,0.0,36.5,36.5,42.8,42.9,21.8,25.6,976.10,312,1226
2012-09-14 13:26:30,400944390,225,208,0.0,0.0,0.0,36.3,36.3,42.9,42.6,21.7,25.5,976.40,309,1217
2012-09-14 13:27:00,400944420,225,208,0.0,0.0,0.0,36.4,36.4,42.0,42.4,21.4,25.3,976.10,312,1221
2012-09-14 13:27:30,400944450,225,208,0.0,0.0,0.0,36.5,36.5,41.3,42.4,21.2,25.2,976.10,312,1222
2012-09-14 13:28:00,400944480,226,208,0.0,0.0,0.0,36.4,36.4,41.0,42.0,21.0,25.1,976.10,311,1219
2012-09-14 13:28:30,400944510,226,208,0.0,0.0,0.0,36.4,36.4,40.6,41.9,20.8,25.0,976.10,312,1219
2012-09-14 13:29:00,400944540,226,208,0.0,0.0,0.0,36.3,36.3,40.2,41.6,20.6,24.8,976.10,311,1212
2012-09-14 13:29:30,400944570,226,208,0.0,0.0,0.0,36.3,36.3,39.7,41.4,20.4,24.7,976.20,311,1213
2012-09-14 13:30:00,400944600,226,208,0.0,0.0,0.0,36.2,36.2,39.8,41.2,20.3,24.6,976.00,313,1210
2012-09-14 13:30:30,400944630,226,208,0.0,0.0,0.0,36.2,36.2,39.6,41.1,20.3,24.6,975.80,314,1211
2012-09-14 13:31:00,400944660,226,208,0.0,0.0,0.0,36.2,36.2,38.7,40.8,19.9,24.4,975.90,314,1210
2012-09-14 13:31:30,400944690,226,208,0.0,0.0,0.0,36.3,36.3,38.2,40.8,19.8,24.4,976.30,310,1207
2012-09-14 13:32:00,400944720,226,208,0.0,0.0,0.0,36.1,36.1,38.6,40.6,19.8,24.3,976.00,313,1204
2012-09-14 13:32:30,400944750,226,208,0.0,0.0,0.0,36.1,36.1,38.2,40.4,19.6,24.2,975.70,315,1204
2012-09-14 13:33:00,400944780,226,208,0.0,0.0,0.0,36.2,36.2,37.4,40.3,19.3,24.0,976.10,311,1200
2012-09-14 13:33:30,400944810,226,208,0.0,0.0,0.0,36.1,36.1,37.3,40.1,19.2,24.0,975.70,316,1201
2012-09-14 13:34:00,400944840,226,208,0.0,0.0,0.0,36.0,36.0,37.4,39.9,19.2,23.9,976.20,311,1193
2012-09-14 13:34:30,400944870,226,209,0.0,0.0,0.0,36.0,36.0,36.9,39.8,19.0,23.8,976.00,312,1194
2012-09-14 13:35:00,400944900,226,209,0.0,0.0,0.0,35.9,35.9,36.7,39.5,18.8,23.7,976.00,312,1192
2012-09-14 13:35:30,400944930,226,209,0.0,0.0,0.0,36.0,36.0,36.5,39.6,18.7,23.7,976.10,312,1191
2012-09-14 13:36:00,400944960,226,209,0.0,0.0,0.0,35.8,35.8,36.8,39.4,18.7,23.6,976.10,311,1185
2012-09-14 13:36:30,400944990,226,209,0.0,0.0,0.0,35.8,35.8,36.2,39.2,18.5,23.5,976.10,312,1185
2012-09-14 13:37:00,400945020,226,209,0.0,0.0,0.0,35.7,35.7,36.2,39.0,18.4,23.4,976.10,312,1182
2012-09-14 13:37:30,400945050,226,209,0.0,0.0,0.0,35.7,35.7,36.0,38.9,18.3,23.3,975.90,314,1183
2012-09-14 13:38:00,400945080,226,209,0.0,0.0,0.0,35.6,35.6,36.2,38.8,18.3,23.3,975.50,316,1183
2012-09-14 13:38:30,400945110,226,209,0.0,0.0,0.0,35.6,35.6,35.8,38.6,18.1,23.2,975.70,315,1181
2012-09-14 13:39:00,400945140,226,209,0.0,0.0,0.0,35.5,35.5,36.1,38.6,18.1,23.2,975.90,314,1174
2012-09-14 13:39:30,400945170,226,209,0.0,0.0,0.0,35.5,35.5,35.8,38.5,18.0,23.1,975.70,315,1175
2012-09-14 13:40:00,400945200,226,209,0.0,0.0,0.0,35.5,35.5,35.3,38.3,17.8,23.0,975.80,315,1174
2012-09-14 13:40:30,400945230,226,209,0.0,0.0,0.0,35.3,35.3,35.7,38.0,17.8,23.0,975.80,315,1169
2012-09-14 13:41:00,400945260,226,209,0.0,0.0,0.0,35.2,35.2,35.6,37.8,17.7,22.9,975.80,314,1166
2012-09-14 13:41:30,400945290,227,209,0.0,0.0,0.0,35.3,35.3,35.2,37.9,17.6,22.8,975.60,316,1168
2012-09-14 13:42:00,400945320,227,209,0.0,0.0,0.0,35.1,35.1,35.4,37.6,17.6,22.8,975.70,316,1162
2012-09-14 13:42:30,400945350,227,209,0.0,0.0,0.0,35.1,35.1,35.1,37.5,17.4,22.7,975.60,316,1162
2012-09-14 13:43:00,400945380,227,209,0.0,0.0,0.0,35.0,35.0,35.4,37.4,17.5,22.7,975.70,315,1157
2012-09-14 13:43:30,400945410,227,209,0.0,0.0,0.0,35.0,35.0,35.4,37.4,17.4,22.7,975.70,316,1157
2012-09-14 13:44:00,400945440,227,209,0.0,0.0,0.0,35.0,35.0,34.9,37.2,17.2,22.5,975.80,314,1155
2012-09-14 13:44:30,400945470,227,209,0.0,0.0,0.0,34.9,34.9,35.4,37.3,17.3,22.6,975.70,315,1152
2012-09-14 13:45:00,400945500,227,209,0.0,0.0,0.0,34.9,34.9,34.8,37.0,17.1,22.5,975.60,316,1155
2012-09-14 13:45:30,400945530,227,209,0.0,0.0,0.0,34.7,34.7,35.1,36.8,17.1,22.4,975.50,317,1148
2012-09-14 13:46:00,400945560,210,193,0.0,0.0,0.0,34.7,34.7,35.1,36.8,17.0,22.4,975.80,314,1144
2012-09-14 13:46:30,400945590,160,142,0.0,0.0,0.0,34.8,34.8,34.9,36.9,17.0,22.4,975.70,315,1147
2012-09-14 13:47:00,400945620,115,98,0.0,0.0,0.0,34.6,34.6,35.3,36.6,17.0,22.4,975.80,315,1141
2012-09-14 13:47:30,400945650,115,98,0.0,0.0,0.0,34.7,34.7,34.9,36.7,16.9,22.3,976.00,313,1143
2012-09-14 13:48:00,400945680,104,87,0.0,0.0,0.0,34.5,34.5,35.5,36.5,17.0,22.3,975.60,316,1138
2012-09-14 13:48:30,400945710,90,73,0.0,0.0,0.0,34.5,34.5,35.0,36.4,16.8,22.2,975.40,317,1141
2012-09-14 13:49:00,400945740,90,73,0.0,0.0,0.0,34.4,34.4,35.3,36.2,16.9,22.2,975.70,316,1135
2012-09-14 13:49:30,400945770,90,73,0.0,0.0,0.0,34.3,34.3,35.4,36.2,16.9,22.2,975.70,316,1132
2012-09-14 13:50:00,400945800,90,73,0.0,0.0,0.0,34.3,34.3,35.2,36.1,16.7,22.1,975.90,314,1129
2012-09-14 13:50:30,400945830,90,73,0.0,0.0,0.0,34.2,34.2,35.1,35.9,16.6,22.0,975.70,316,1128
2012-09-14 13:51:00,400945860,90,72,0.0,0.0,0.0,34.1,34.1,35.4,35.8,16.6,22.0,975.80,315,1122
2012-09-14 13:51:30,400945890,90,72,0.0,0.0,0.0,34.2,34.2,34.9,35.8,16.5,22.0,975.50,317,1130
2012-09-14 13:52:00,400945920,90,73,0.0,0.0,0.0,34.1,34.1,35.0,35.7,16.4,21.9,976.00,313,1120
2012-09-14 13:52:30,400945950,90,73,0.0,0.0,0.0,34.0,34.0,35.1,35.6,16.4,21.9,975.60,316,1121
2012-09-14 13:53:00,400945980,90,72,0.0,0.0,0.0,33.8,33.8,35.5,35.3,16.5,21.9,975.90,313,1111
2012-09-14 13:53:30,400946010,90,72,0.0,0.0,0.0,33.8,33.8,35.6,35.3,16.5,21.9,975.40,317,1116
2012-09-14 13:54:00,400946040,90,73,0.0,0.0,0.0,33.7,33.7,35.6,35.2,16.4,21.8,975.50,317,1114
2012-09-14 13:54:30,400946070,90,73,0.0,0.0,0.0,33.7,33.7,35.2,35.1,16.3,21.7,975.60,316,1111
2012-09-14 13:55:00,400946100,90,73,0.0,0.0,0.0,33.7,33.7,35.4,35.2,16.3,21.7,975.40,318,1112
2012-09-14 13:55:30,400946130,90,73,0.0,0.0,0.0,33.6,33.6,35.3,34.9,16.2,21.6,975.80,315,1104
2012-09-14 13:56:00,400946160,90,73,0.0,0.0,0.0,33.5,33.5,35.9,35.0,16.3,21.6,975.80,315,1102
2012-09-14 13:56:30,400946190,90,73,0.0,0.0,0.0,33.4,33.4,36.1,34.9,16.4,21.7,975.40,317,1103
2012-09-14 13:57:00,400946220,90,73,0.0,0.0,0.0,33.4,33.4,35.8,34.8,16.2,21.6,975.50,317,1102
2012-09-14 13:57:30,400946250,90,73,0.0,0.0,0.0,33.3,33.3,35.9,34.6,16.2,21.5,975.40,318,1099
2012-09-14 13:58:00,400946280,90,73,0.0,0.0,0.0,33.2,33.2,36.3,34.5,16.3,21.6,975.80,315,1091
2012-09-14 13:58:30,400946310,90,73,0.0,0.0,0.0,33.2,33.2,35.9,34.5,16.1,21.5,975.50,317,1095
2012-09-14 13:59:00,400946340,90,73,0.0,0.0,0.0,33.1,33.1,36.4,34.4,16.2,21.5,975.50,316,1088
2012-09-14 13:59:30,400946370,90,73,0.0,0.0,0.0,33.0,33.0,36.4,34.2,16.1,21.4,975.60,316,1085
2012-09-14 14:00:00,400946400,90,73,0.0,0.0,0.0,33.0,33.0,36.6,34.3,16.2,21.4,975.60,316,1085
2012-09-14 14:00:30,400946430,90,73,0.0,0.0,0.0,32.9,32.9,36.7,34.1,16.1,21.4,975.30,318,1086
2012-09-14 14:01:00,400946460,90,73,0.0,0.0,0.0,32.9,32.9,36.2,34.0,15.9,21.3,975.70,315,1080
2012-09-14 14:01:30,400946490,90,73,0.0,0.0,0.0,32.8,32.8,36.4,33.9,16.0,21.3,975.70,316,1077
2012-09-14 14:02:00,400946520,90,73,0.0,0.0,0.0,32.8,32.8,36.4,33.9,15.9,21.3,975.60,316,1077
2012-09-14 14:02:30,400946550,90,73,0.0,0.0,0.0,32.8,32.8,36.4,33.9,15.9,21.3,975.40,318,1080
2012-09-14 14:03:00,400946580,90,73,0.0,0.0,0.0,32.6,32.6,37.0,33.7,16.0,21.3,975.50,316,1073
2012-09-14 14:03:30,400946610,90,72,0.0,0.0,0.0,32.5,32.5,37.2,33.6,16.1,21.3,975.30,319,1074
2012-09-14 14:04:00,400946640,90,72,0.0,0.0,0.0,32.5,32.5,36.9,33.5,15.9,21.2,975.20,320,1074
2012-09-14 14:04:30,400946670,90,73,0.0,0.0,0.0,32.5,32.5,36.8,33.5,15.8,21.1,975.40,318,1071
2012-09-14 14:05:00,400946700,90,72,0.0,0.0,0.0,32.4,32.4,37.5,33.5,16.0,21.2,975.20,319,1070
2012-09-14 14:05:30,400946730,90,72,0.0,0.0,0.0,32.3,32.3,37.5,33.4,15.9,21.1,975.30,319,1065
2012-09-14 14:06:00,400946760,90,72,0.0,0.0,0.0,32.2,32.2,37.5,33.2,15.9,21.1,975.30,318,1062
2012-09-14 14:06:30,400946790,90,72,0.0,0.0,0.0,32.3,32.3,37.2,33.3,15.9,21.1,975.80,315,1061
2012-09-14 14:07:00,400946820,90,73,0.0,0.0,0.0,32.1,32.1,37.8,33.0,16.0,21.1,975.40,317,1059
2012-09-14 14:07:30,400946850,90,73,0.0,0.0,0.0,32.1,32.1,37.4,32.9,15.8,21.0,975.40,317,1057
2012-09-14 14:08:00,400946880,90,72,0.0,0.0,0.0,32.2,32.2,37.4,33.1,15.8,21.0,975.70,315,1055
2012-09-14 14:08:30,400946910,90,72,0.0,0.0,0.0,32.1,32.1,37.5,33.0,15.8,21.0,975.20,319,1060
2012-09-14 14:09:00,400946940,90,72,0.0,0.0,0.0,32.0,32.0,37.8,32.9,15.8,21.0,975.30,319,1055
2012-09-14 14:09:30,400946970,90,72,0.0,0.0,0.0,31.9,31.9,38.5,32.8,16.0,21.0,975.40,318,1050
2012-09-14 14:10:00,400947000,89,72,0.0,0.0,0.0,31.8,31.8,38.3,32.7,15.9,21.0,975.30,318,1047
2012-09-14 14:10:30,400947030,90,72,0.0,0.0,0.0,31.8,31.8,38.6,32.7,15.9,21.0,975.20,320,1050
2012-09-14 14:11:00,400947060,90,72,0.0,0.0,0.0,31.7,31.7,38.7,32.6,16.0,21.0,975.20,320,1048
2012-09-14 14:11:30,400947090,90,72,0.0,0.0,0.0,31.7,31.7,38.3,32.5,15.8,20.9,975.40,318,1044
2012-09-14 14:12:00,400947120,90,72,0.0,0.0,0.0,31.7,31.7,38.3,32.5,15.8,20.9,975.20,319,1046
2012-09-14 14:12:30,400947150,90,72,0.0,0.0,0.0,31.6,31.6,38.5,32.3,15.8,20.9,975.00,321,1046
2012-09-14 14:13:00,400947180,89,72,0.0,0.0,0.0,31.5,31.5,39.0,32.3,15.8,20.8,975.20,320,1039
2012-09-14 14:13:30,400947210,89,72,0.0,0.0,0.0,31.5,31.5,39.2,32.3,15.9,20.9,975.50,317,1036
2012-09-14 14:14:00,400947240,89,72,0.0,0.0,0.0,31.4,31.4,39.3,32.2,15.9,20.9,975.20,320,1036
2012-09-14 14:14:30,400947270,90,72,0.0,0.0,0.0,31.3,31.3,39.3,32.0,15.9,20.8,975.30,318,1032
2012-09-14 14:15:00,400947300,89,72,0.0,0.0,0.0,31.3,31.3,39.4,32.0,15.9,20.8,975.20,319,1033
2012-09-14 14:15:30,400947330,89,72,0.0,0.0,0.0,31.3,31.3,39.4,32.0,15.8,20.8,975.20,319,1031
2012-09-14 14:16:00,400947360,89,72,0.0,0.0,0.0,31.3,31.3,39.1,31.9,15.7,20.7,975.30,318,1029
2012-09-14 14:16:30,400947390,89,72,0.0,0.0,0.0,31.4,31.4,39.1,32.1,15.8,20.8,975.30,319,1033
2012-09-14 14:17:00,400947420,89,72,0.0,0.0,0.0,31.2,31.2,39.9,31.9,15.9,20.8,975.10,320,1029
2012-09-14 14:17:30,400947450,89,72,0.0,0.0,0.0,31.1,31.1,39.8,31.7,15.8,20.7,975.30,318,1023
2012-09-14 14:18:00,400947480,89,72,0.0,0.0,0.0,31.0,31.0,39.9,31.6,15.8,20.7,974.90,321,1025
2012-09-14 14:18:30,400947510,89,72,0.0,0.0,0.0,31.2,31.2,39.5,31.8,15.8,20.7,975.00,321,1031
2012-09-14 14:19:00,400947540,89,72,0.0,0.0,0.0,31.0,31.0,39.9,31.6,15.8,20.7,975.40,318,1021
2012-09-14 14:19:30,400947570,89,72,0.0,0.0,0.0,30.9,30.9,40.2,31.5,15.8,20.7,975.30,319,1018
2012-09-14 14:20:00,400947600,90,72,0.0,0.0,0.0,30.9,30.9,40.0,31.5,15.8,20.7,975.40,318,1018
2012-09-14 14:20:30,400947630,89,72,0.0,0.0,0.0,31.0,31.0,39.9,31.6,15.8,20.7,975.30,319,1022
2012-09-14 14:21:00,400947660,89,72,0.0,0.0,0.0,30.9,30.9,40.1,31.5,15.8,20.7,975.10,320,1019
2012-09-14 14:21:30,400947690,90,72,0.0,0.0,0.0,30.7,30.7,40.7,31.3,15.9,20.7,975.40,318,1012
2012-09-14 14:22:00,400947720,89,72,0.0,0.0,0.0,30.7,30.7,40.9,31.3,15.9,20.7,975.00,320,1015
2012-09-14 14:22:30,400947750,89,72,0.0,0.0,0.0,30.8,30.8,40.4,31.4,15.8,20.6,974.80,322,1018
2012-09-14 14:23:00,400947780,89,72,0.0,0.0,0.0,30.8,30.8,40.4,31.4,15.8,20.6,975.10,320,1016
2012-09-14 14:23:30,400947810,89,72,0.0,0.0,0.0,30.7,30.7,40.6,31.3,15.8,20.6,975.00,321,1014
2012-09-14 14:24:00,400947840,89,72,0.0,0.0,0.0,30.6,30.6,40.8,31.1,15.8,20.6,975.40,318,1007
2012-09-14 14:24:30,400947870,89,72,0.0,0.0,0.0,30.6,30.6,40.9,31.1,15.8,20.6,975.20,320,1007
2012-09-14 14:25:00,400947900,89,72,0.0,0.0,0.0,30.5,30.5,40.9,31.0,15.8,20.5,975.20,320,1007
2012-09-14 14:25:30,400947930,89,72,0.0,0.0,0.0,30.5,30.5,40.9,31.0,15.8,20.5,975.40,318,1004
2012-09-14 14:26:00,400947960,90,72,0.0,0.0,0.0,30.4,30.4,41.3,30.9,15.8,20.5,975.20,319,1001
2012-09-14 14:26:30,400947990,90,72,0.0,0.0,0.0,30.5,30.5,41.0,31.1,15.8,20.5,975.00,321,1009
2012-09-14 14:27:00,400948020,90,72,0.0,0.0,0.0,30.3,30.3,41.8,30.9,15.9,20.5,975.20,319,1000
2012-09-14 14:27:30,400948050,90,72,0.0,0.0,0.0,30.2,30.2,41.9,30.7,15.9,20.5,975.20,320,997
2012-09-14 14:28:00,400948080,90,72,0.0,0.0,0.0,30.3,30.3,41.5,30.8,15.8,20.5,975.50,317,995
2012-09-14 14:28:30,400948110,90,72,0.0,0.0,0.0,30.3,30.3,41.6,30.9,15.8,20.5,975.20,319,997
2012-09-14 14:29:00,400948140,90,72,0.0,0.0,0.0,30.3,30.3,41.5,30.8,15.8,20.5,974.90,321,1001
2012-09-14 14:29:30,400948170,90,72,0.0,0.0,0.0,30.1,30.1,42.5,30.7,16.0,20.5,975.10,320,996
2012-09-14 14:30:00,400948200,90,72,0.0,0.0,0.0,30.3,30.3,41.7,30.9,15.8,20.5,975.10,320,1000
2012-09-14 14:30:30,400948230,90,72,0.0,0.0,0.0,30.1,30.1,42.0,30.6,15.8,20.4,975.00,321,996
2012-09-14 14:31:00,400948260,90,73,0.0,0.0,0.0,30.1,30.1,42.2,30.7,15.8,20.4,975.20,319,990
2012-09-14 14:31:30,400948290,90,72,0.0,0.0,0.0,30.0,30.0,42.9,30.6,16.0,20.5,975.10,320,991
2012-09-14 14:32:00,400948320,90,72,0.0,0.0,0.0,30.1,30.1,42.2,30.7,15.8,20.4,975.20,320,991
2012-09-14 14:32:30,400948350,90,72,0.0,0.0,0.0,30.1,30.1,42.2,30.7,15.8,20.4,975.00,321,994
2012-09-14 14:33:00,400948380,90,72,0.0,0.0,0.0,29.8,29.8,43.0,30.3,15.9,20.4,975.20,320,984
2012-09-14 14:33:30,400948410,90,72,0.0,0.0,0.0,29.9,29.9,42.7,30.4,15.8,20.4,974.90,322,988
2012-09-14 14:34:00,400948440,90,72,0.0,0.0,0.0,30.0,30.0,42.5,30.5,15.9,20.4,975.00,321,990
2012-09-14 14:34:30,400948470,90,72,0.0,0.0,0.0,29.8,29.8,42.8,30.3,15.8,20.3,975.00,321,985
2012-09-14 14:35:00,400948500,90,72,0.0,0.0,0.0,29.8,29.8,42.8,30.3,15.8,20.3,975.00,321,986
2012-09-14 14:35:30,400948530,90,72,0.0,0.0,0.0,29.7,29.7,43.5,30.2,15.9,20.4,975.10,320,978
2012-09-14 14:36:00,400948560,90,72,0.0,0.0,0.0,29.8,29.8,42.9,30.3,15.9,20.4,975.30,318,981
2012-09-14 14:36:30,400948590,90,72,0.0,0.0,0.0,29.7,29.7,43.2,30.2,15.8,20.3,975.10,320,980
2012-09-14 14:37:00,400948620,90,72,0.0,0.0,0.0,29.6,29.6,43.5,30.1,15.9,20.3,975.00,321,980
2012-09-14 14:37:30,400948650,90,72,0.0,0.0,0.0,29.5,29.5,43.8,29.9,15.9,20.3,975.20,319,974
2012-09-14 14:38:00,400948680,90,72,0.0,0.0,0.0,29.5,29.5,44.0,30.0,16.0,20.3,975.10,320,975
2012-09-14 14:38:30,400948710,90,72,0.0,0.0,0.0,29.7,29.7,43.3,30.2,15.9,20.4,975.10,320,980
2012-09-14 14:39:00,400948740,90,72,0.0,0.0,0.0,29.6,29.6,43.5,30.1,15.9,20.3,975.10,320,977
2012-09-14 14:39:30,400948770,90,72,0.0,0.0,0.0,29.6,29.6,43.5,30.1,15.9,20.3,975.20,319,976
2012-09-14 14:40:00,400948800,90,72,0.0,0.0,0.0,29.4,29.4,44.3,29.8,16.0,20.3,974.90,322,973
2012-09-14 14:40:30,400948830,90,72,0.0,0.0,0.0,29.4,29.4,44.5,29.9,16.1,20.4,974.80,323,975
2012-09-14 14:41:00,400948860,90,72,0.0,0.0,0.0,29.4,29.4,43.9,29.8,15.9,20.2,974.90,322,973
2012-09-14 14:41:30,400948890,90,72,0.0,0.0,0.0,29.3,29.3,44.6,29.7,16.0,20.3,975.30,319,967
2012-09-14 14:42:00,400948920,90,72,0.0,0.0,0.0,29.3,29.3,44.6,29.7,16.0,20.3,975.10,320,967
2012-09-14 14:42:30,400948950,90,72,0.0,0.0,0.0,29.5,29.5,44.0,30.0,15.9,20.3,974.90,322,975
2012-09-14 14:43:00,400948980,90,72,0.0,0.0,0.0,29.4,29.4,44.1,29.8,15.9,20.2,975.50,317,965
2012-09-14 14:43:30,400949010,90,72,0.0,0.0,0.0,29.3,29.3,44.3,29.7,15.9,20.2,975.00,321,967
2012-09-14 14:44:00,400949040,90,72,0.0,0.0,0.0,29.3,29.3,44.4,29.7,15.9,20.2,975.00,321,967
2012-09-14 14:44:30,400949070,90,72,0.0,0.0,0.0,29.2,29.2,44.9,29.6,16.0,20.2,975.20,319,961
2012-09-14 14:45:00,400949100,90,73,0.0,0.0,0.0,29.2,29.2,44.5,29.6,15.9,20.2,975.00,321,967
2012-09-14 14:45:30,400949130,90,72,0.0,0.0,0.0,29.1,29.1,45.2,29.5,16.0,20.2,974.70,323,963
2012-09-14 14:46:00,400949160,90,72,0.0,0.0,0.0,29.2,29.2,44.8,29.6,16.0,20.2,974.90,322,967
2012-09-14 14:46:30,400949190,90,72,0.0,0.0,0.0,29.2,29.2,44.7,29.6,15.9,20.2,974.70,323,967
2012-09-14 14:47:00,400949220,90,72,0.0,0.0,0.0,29.0,29.0,45.4,29.4,16.0,20.2,974.90,321,958
2012-09-14 14:47:30,400949250,90,72,0.0,0.0,0.0,29.0,29.0,45.5,29.4,16.0,20.2,974.70,324,962
2012-09-14 14:48:00,400949280,90,72,0.0,0.0,0.0,29.0,29.0,45.5,29.4,16.1,20.2,974.50,325,964
2012-09-14 14:48:30,400949310,90,72,0.0,0.0,0.0,29.0,29.0,45.8,29.4,16.1,20.2,974.90,322,959
2012-09-14 14:49:00,400949340,90,72,0.0,0.0,0.0,28.9,28.9,45.8,29.2,16.1,20.2,974.50,325,960
2012-09-14 14:49:30,400949370,90,72,0.0,0.0,0.0,29.0,29.0,45.2,29.4,16.0,20.2,974.80,322,959
2012-09-14 14:50:00,400949400,90,72,0.0,0.0,0.0,29.0,29.0,45.5,29.4,16.0,20.2,974.80,323,960
2012-09-14 14:50:30,400949430,90,72,0.0,0.0,0.0,28.9,28.9,45.5,29.2,16.0,20.2,974.30,327,963
2012-09-14 14:51:00,400949460,90,72,0.0,0.0,0.0,28.9,28.9,45.6,29.2,16.0,20.2,974.20,327,964
2012-09-14 14:51:30,400949490,90,72,0.0,0.0,0.0,28.8,28.8,46.0,29.2,16.1,20.2,974.20,328,962
2012-09-14 14:52:00,400949520,90,72,0.0,0.0,0.0,28.8,28.8,46.3,29.2,16.1,20.2,974.60,325,955
2012-09-14 14:52:30,400949550,90,72,0.0,0.0,0.0,28.8,28.8,46.6,29.2,16.2,20.2,974.70,323,954
2012-09-14 14:53:00,400949580,90,72,0.0,0.0,0.0,28.9,28.9,45.9,29.3,16.1,20.2,974.60,325,960
2012-09-14 14:53:30,400949610,90,72,0.0,0.0,0.0,28.7,28.7,46.8,29.1,16.2,20.2,974.70,324,954
2012-09-14 14:54:00,400949640,90,72,0.0,0.0,0.0,28.8,28.8,46.0,29.2,16.0,20.1,974.50,325,958
2012-09-14 14:54:30,400949670,90,72,0.0,0.0,0.0,28.7,28.7,46.2,29.0,16.0,20.1,974.70,323,951
2012-09-14 14:55:00,400949700,90,72,0.0,0.0,0.0,28.8,28.8,46.2,29.2,16.1,20.2,974.60,325,955
2012-09-14 14:55:30,400949730,90,72,0.0,0.0,0.0,28.7,28.7,46.3,29.0,16.0,20.1,974.30,327,956
2012-09-14 14:56:00,400949760,90,72,0.0,0.0,0.0,28.6,28.6,47.1,29.0,16.2,20.2,974.80,322,946
2012-09-14 14:56:30,400949790,90,72,0.0,0.0,0.0,28.6,28.6,47.3,29.0,16.3,20.2,974.40,325,951
2012-09-14 14:57:00,400949820,90,72,0.0,0.0,0.0,28.5,28.5,47.2,28.8,16.2,20.1,974.30,327,950
2012-09-14 14:57:30,400949850,90,72,0.0,0.0,0.0,28.5,28.5,47.2,28.8,16.2,20.1,974.60,325,946
2012-09-14 14:58:00,400949880,90,72,0.0,0.0,0.0,28.5,28.5,47.3,28.8,16.2,20.1,974.50,325,946
2012-09-14 14:58:30,400949910,90,72,0.0,0.0,0.0,28.5,28.5,47.5,28.9,16.2,20.1,974.80,323,943
2012-09-14 14:59:00,400949940,90,72,0.0,0.0,0.0,28.5,28.5,47.7,28.9,16.3,20.2,974.90,322,944
2012-09-14 14:59:30,400949970,90,72,0.0,0.0,0.0,28.5,28.5,47.8,28.9,16.3,20.2,974.80,322,943
2012-09-14 15:00:00,400950000,90,72,0.0,0.0,0.0,28.5,28.5,47.0,28.8,16.1,20.1,974.60,325,946
2012-09-14 15:00:30,400950030,90,72,0.0,0.0,0.0,28.6,28.6,47.0,29.0,16.2,20.2,974.70,324,949
2012-09-14 15:01:00,400950060,90,72,0.0,0.0,0.0,28.4,28.4,47.2,28.7,16.1,20.1,974.70,323,942
2012-09-14 15:01:30,400950090,90,72,0.0,0.0,0.0,28.4,28.4,48.0,28.8,16.3,20.2,974.40,326,945
2012-09-14 15:02:00,400950120,90,72,0.0,0.0,0.0,28.4,28.4,48.1,28.8,16.4,20.3,974.60,324,942
2012-09-14 15:02:30,400950150,90,72,0.0,0.0,0.0,28.5,28.5,47.2,28.8,16.2,20.1,974.40,325,949
2012-09-14 15:03:00,400950180,90,72,0.0,0.0,0.0,28.4,28.4,47.8,28.8,16.2,20.1,974.50,325,944
2012-09-14 15:03:30,400950210,90,72,0.0,0.0,0.0,28.4,28.4,47.5,28.8,16.2,20.1,974.90,322,941
2012-09-14 15:04:00,400950240,90,72,0.0,0.0,0.0,28.3,28.3,48.3,28.6,16.3,20.1,974.70,323,937
2012-09-14 15:04:30,400950270,90,72,0.0,0.0,0.0,28.3,28.3,48.4,28.7,16.3,20.1,974.30,326,941
2012-09-14 15:05:00,400950300,90,72,0.0,0.0,0.0,28.4,28.4,47.7,28.8,16.2,20.1,974.30,327,945
2012-09-14 15:05:30,400950330,90,72,0.0,0.0,0.0,28.3,28.3,47.7,28.6,16.2,20.1,974.40,325,943
2012-09-14 15:06:00,400950360,90,72,0.0,0.0,0.0,28.3,28.3,47.9,28.6,16.2,20.1,974.40,326,941
2012-09-14 15:06:30,400950390,90,72,0.0,0.0,0.0,28.2,28.2,48.4,28.5,16.2,20.1,974.40,325,936
2012-09-14 15:07:00,400950420,90,72,0.0,0.0,0.0,28.3,28.3,47.9,28.6,16.2,20.1,974.30,326,942
2012-09-14 15:07:30,400950450,90,72,0.0,0.0,0.0,28.2,28.2,48.0,28.4,16.2,20.1,974.40,326,938
2012-09-14 15:08:00,400950480,90,72,0.0,0.0,0.0,28.1,28.1,48.9,28.4,16.4,20.1,974.80,323,934
2012-09-14 15:08:30,400950510,90,72,0.0,0.0,0.0,28.2,28.2,48.1,28.4,16.2,20.1,974.40,326,939
2012-09-14 15:09:00,400950540,90,72,0.0,0.0,0.0,28.1,28.1,49.0,28.4,16.4,20.1,974.30,327,938
2012-09-14 15:09:30,400950570,90,72,0.0,0.0,0.0,28.3,28.3,48.0,28.6,16.2,20.1,974.30,326,942
2012-09-14 15:10:00,400950600,90,72,0.0,0.0,0.0,28.0,28.0,48.9,28.2,16.3,20.0,974.40,325,933
2012-09-14 15:10:30,400950630,90,72,0.0,0.0,0.0,28.1,28.1,48.8,28.4,16.3,20.1,974.40,325,935
2012-09-14 15:11:00,400950660,90,72,0.0,0.0,0.0,28.2,28.2,48.3,28.5,16.2,20.1,974.40,326,938
2012-09-14 15:11:30,400950690,90,72,0.0,0.0,0.0,28.0,28.0,49.3,28.3,16.4,20.1,974.10,329,936
2012-09-14 15:12:00,400950720,90,72,0.0,0.0,0.0,28.1,28.1,48.4,28.4,16.2,20.0,974.50,325,935
2012-09-14 15:12:30,400950750,90,72,0.0,0.0,0.0,28.0,28.0,48.9,28.2,16.3,20.0,974.50,325,932
2012-09-14 15:13:00,400950780,90,72,0.0,0.0,0.0,28.0,28.0,48.7,28.2,16.2,20.0,974.20,328,935
2012-09-14 15:13:30,400950810,90,72,0.0,0.0,0.0,28.0,28.0,48.6,28.2,16.2,20.0,974.50,325,933
2012-09-14 15:14:00,400950840,90,72,0.0,0.0,0.0,28.0,28.0,48.7,28.2,16.2,20.0,974.20,327,934
2012-09-14 15:14:30,400950870,90,72,0.0,0.0,0.0,27.9,27.9,49.6,28.2,16.4,20.1,974.70,323,927
2012-09-14 15:15:00,400950900,90,72,0.0,0.0,0.0,27.9,27.9,49.6,28.2,16.4,20.1,974.20,327,932
2012-09-14 15:15:30,400950930,90,72,0.0,0.0,0.0,28.0,28.0,49.1,28.2,16.3,20.0,974.10,329,935
2012-09-14 15:16:00,400950960,90,72,0.0,0.0,0.0,27.9,27.9,49.6,28.2,16.4,20.1,974.20,328,931
2012-09-14 15:16:30,400950990,90,72,0.0,0.0,0.0,27.9,27.9,49.7,28.2,16.4,20.1,974.30,327,931
2012-09-14 15:17:00,400951020,90,72,0.0,0.0,0.0,27.8,27.8,49.7,28.0,16.4,20.1,974.30,326,928
2012-09-14 15:17:30,400951050,90,72,0.0,0.0,0.0,27.9,27.9,49.4,28.2,16.3,20.0,974.50,325,926
2012-09-14 15:18:00,400951080,90,72,0.0,0.0,0.0,27.8,27.8,49.8,28.0,16.3,20.0,974.60,325,924
2012-09-14 15:18:30,400951110,90,72,0.0,0.0,0.0,27.9,27.9,49.2,28.2,16.3,20.0,974.50,325,927
2012-09-14 15:19:00,400951140,90,72,0.0,0.0,0.0,27.8,27.8,49.6,28.0,16.3,20.0,974.50,325,926
2012-09-14 15:19:30,400951170,90,72,0.0,0.0,0.0,27.8,27.8,49.5,28.0,16.3,20.0,974.30,327,926
2012-09-14 15:20:00,400951200,90,72,0.0,0.0,0.0,27.9,27.9,49.5,28.2,16.3,20.0,974.20,327,930
2012-09-14 15:20:30,400951230,90,72,0.0,0.0,0.0,27.7,27.7,50.0,28.0,16.4,20.1,974.20,327,925
2012-09-14 15:21:00,400951260,90,72,0.0,0.0,0.0,27.9,27.9,49.4,28.2,16.3,20.0,974.40,326,928
2012-09-14 15:21:30,400951290,90,72,0.0,0.0,0.0,27.8,27.8,49.9,28.0,16.3,20.0,974.30,327,926
2012-09-14 15:22:00,400951320,90,72,0.0,0.0,0.0,27.7,27.7,50.5,28.0,16.5,20.1,974.80,323,918
2012-09-14 15:22:30,400951350,90,72,0.0,0.0,0.0,27.6,27.6,50.3,27.9,16.4,20.0,974.40,326,920
2012-09-14 15:23:00,400951380,90,72,0.0,0.0,0.0,27.8,27.8,49.5,28.0,16.3,20.0,974.40,325,927
2012-09-14 15:23:30,400951410,90,72,0.0,0.0,0.0,27.8,27.8,49.7,28.0,16.3,20.0,974.50,325,925
2012-09-14 15:24:00,400951440,90,72,0.0,0.0,0.0,27.8,27.8,49.8,28.0,16.4,20.1,974.40,326,926
2012-09-14 15:24:30,400951470,90,72,0.0,0.0,0.0,27.7,27.7,49.8,27.9,16.3,19.9,974.40,325,922
2012-09-14 15:25:00,400951500,90,72,0.0,0.0,0.0,27.7,27.7,50.0,28.0,16.3,19.9,974.30,327,922
2012-09-14 15:25:30,400951530,90,72,0.0,0.0,0.0,27.6,27.6,50.3,27.9,16.4,20.0,974.60,325,918
2012-09-14 15:26:00,400951560,90,72,0.0,0.0,0.0,27.7,27.7,49.9,27.9,16.3,19.9,974.40,326,923
2012-09-14 15:26:30,400951590,90,72,0.0,0.0,0.0,27.7,27.7,50.0,28.0,16.3,19.9,974.40,325,921
2012-09-14 15:27:00,400951620,90,72,0.0,0.0,0.0,27.7,27.7,50.0,28.0,16.3,19.9,974.60,325,921
2012-09-14 15:27:30,400951650,90,72,0.0,0.0,0.0,27.6,27.6,50.8,27.9,16.5,20.1,974.40,326,918
2012-09-14 15:28:00,400951680,90,72,0.0,0.0,0.0,27.7,27.7,50.1,28.0,16.3,19.9,974.60,325,920
2012-09-14 15:28:30,400951710,90,72,0.0,0.0,0.0,27.6,27.6,50.2,27.9,16.3,19.9,974.60,325,916
2012-09-14 15:29:00,400951740,90,72,0.0,0.0,0.0,27.5,27.5,50.4,27.7,16.3,19.9,974.30,326,916
2012-09-14 15:29:30,400951770,90,72,0.0,0.0,0.0,27.6,27.6,50.3,27.9,16.3,19.9,974.40,325,916
2012-09-14 15:30:00,400951800,90,72,0.0,0.0,0.0,27.6,27.6,50.3,27.9,16.3,19.9,974.70,324,916
2012-09-14 15:30:30,400951830,90,72,0.0,0.0,0.0,27.4,27.4,51.1,27.7,16.4,19.9,974.60,324,910
2012-09-14 15:31:00,400951860,90,72,0.0,0.0,0.0,27.5,27.5,50.8,27.7,16.4,20.0,974.50,325,914
2012-09-14 15:31:30,400951890,90,72,0.0,0.0,0.0,27.4,27.4,51.2,27.7,16.5,20.0,974.40,326,914
2012-09-14 15:32:00,400951920,90,72,0.0,0.0,0.0,27.5,27.5,50.6,27.7,16.3,19.9,974.50,325,914
2012-09-14 15:32:30,400951950,90,72,0.0,0.0,0.0,27.4,27.4,51.4,27.7,16.5,20.0,974.50,325,912
2012-09-14 15:33:00,400951980,90,72,0.0,0.0,0.0,27.4,27.4,51.3,27.7,16.5,20.0,974.30,327,914
2012-09-14 15:33:30,400952010,90,72,0.0,0.0,0.0,27.3,27.3,51.4,27.5,16.5,20.0,974.30,327,911
2012-09-14 15:34:00,400952040,90,72,0.0,0.0,0.0,27.4,27.4,51.7,27.8,16.6,20.1,974.60,325,911
2012-09-14 15:34:30,400952070,90,72,0.0,0.0,0.0,27.4,27.4,51.0,27.7,16.4,19.9,974.20,327,915
2012-09-14 15:35:00,400952100,90,72,0.0,0.0,0.0,27.3,27.3,51.6,27.5,16.5,20.0,974.30,327,911
2012-09-14 15:35:30,400952130,90,72,0.0,0.0,0.0,27.3,27.3,51.3,27.5,16.4,19.9,974.60,324,907
2012-09-14 15:36:00,400952160,90,72,0.0,0.0,0.0,27.3,27.3,51.5,27.5,16.4,19.9,974.20,327,910
2012-09-14 15:36:30,400952190,90,72,0.0,0.0,0.0,27.5,27.5,50.7,27.7,16.4,20.0,974.50,325,914
2012-09-14 15:37:00,400952220,90,72,0.0,0.0,0.0,27.3,27.3,51.4,27.5,16.4,19.9,974.50,325,908
2012-09-14 15:37:30,400952250,89,72,0.0,0.0,0.0,27.3,27.3,51.9,27.6,16.5,20.0,974.30,327,910
2012-09-14 15:38:00,400952280,90,72,0.0,0.0,0.0,27.4,27.4,50.9,27.7,16.4,19.9,974.30,326,914
2012-09-14 15:38:30,400952310,89,72,0.0,0.0,0.0,27.3,27.3,51.7,27.6,16.5,20.0,974.60,325,907
2012-09-14 15:39:00,400952340,89,72,0.0,0.0,0.0,27.4,27.4,51.1,27.7,16.4,19.9,974.20,328,914
2012-09-14 15:39:30,400952370,90,72,0.0,0.0,0.0,27.2,27.2,51.8,27.5,16.4,19.9,974.40,325,905
2012-09-14 15:40:00,400952400,90,72,0.0,0.0,0.0,27.3,27.3,51.2,27.5,16.3,19.8,974.30,327,910
2012-09-14 15:40:30,400952430,90,72,0.0,0.0,0.0,27.3,27.3,51.2,27.5,16.4,19.9,974.60,325,908
2012-09-14 15:41:00,400952460,90,72,0.0,0.0,0.0,27.1,27.1,51.9,27.4,16.4,19.9,974.60,325,902
2012-09-14 15:41:30,400952490,90,72,0.0,0.0,0.0,27.2,27.2,52.2,27.5,16.5,19.9,974.30,326,906
2012-09-14 15:42:00,400952520,118,100,0.0,0.0,0.0,27.1,27.1,52.0,27.4,16.4,19.9,974.30,327,905
2012-09-14 15:42:30,400952550,121,103,0.0,0.0,0.0,27.3,27.3,51.4,27.5,16.4,19.9,974.20,327,910
2012-09-14 15:43:00,400952580,107,89,0.0,0.0,0.0,27.2,27.2,52.0,27.5,16.5,19.9,974.20,327,907
2012-09-14 15:43:30,400952610,130,113,0.0,0.0,0.0,27.2,27.2,54.0,27.7,17.1,20.3,974.30,327,911
2012-09-14 15:44:00,400952640,186,169,0.0,0.0,0.0,29.5,29.5,54.1,31.7,19.2,22.2,974.20,327,997
2012-09-14 15:44:30,400952670,185,168,0.0,0.0,0.0,29.4,29.4,47.6,30.4,17.2,21.0,974.20,328,988
2012-09-14 15:45:00,400952700,185,168,0.0,0.0,0.0,29.4,29.4,46.9,30.3,16.9,20.8,974.20,328,986
2012-09-14 15:45:30,400952730,185,168,0.0,0.0,0.0,29.4,29.4,46.6,30.2,16.8,20.7,974.20,327,984
